id,itemLabel,partyLabel,areaLabel,gender
1,ABOTOME BAKABISYA Roger,ALLIANCE,WATSA,male
2,ADIRODU DJARI Wilson,MS,IRUMU,male
3,ADUBANGO ALI Emmanuel,AAB,MAHAGI,male
4,ADUBANGO AWOTHO Samuel,AA/a,MAHAGI,male
5,AFOOTE AFOTUKU Anatole,PPRD,DJOLU,male
6,AGIGBA WIDIA Mamie,G18,GEMENA,female
7,AGOYO WAYIKO Eugénie,CPR,ARU,female
8,AHONO NZOBO Papy,CPR,BOLOMBA,male
9,ALFANI MACHOZI Marie-Claire,AFDC-A,WALIKALE,female
10,AMATO BAYUBASIRE MIRINDI AMATO,UNC,WALUNGU,male
11,AMBATOBE NYONGOLO Amy,MIP,FIZI,male
12,AMINATA NAMASIA BAZEGO,PCD,BAMBESA,female
13,AMISI LUPIA Patrick,ATIC,KAILO,male
14,ANOKONZI MASIKINI Jean-Pierre,MS,FARADJE,male
15,ASANI KABINA ALU,AFDC-A,BANALIA,male
16,ASSINA BINDIMONO Rufine,UNC,PUNIA,female
17,ATAMA TABE MOGODI Crispin,PPPD,FARADJE,male
18,ATUYAKILA KIMBAKU Emmanuel,CPR,FESHI,male
19,AUSSE AFINGOTO Jackson,AAB,IRUMU,male
20,AUTSAI ADRIKO Patrice,PPRD,ARU,male
21,AYOBANGIRA SAFARI NSHUTI Jean-Pierre,PPPD,MASISI,male
22,BABANGA MPOTIYOLO Anicet,CPR,INONGO VILLE,male
23,BABANGU WABABU Paul,AABC,IRUMU,male
24,BAHATI CHUMA Héritier,AAB,DJUGU,male
25,BAITSURA MUSOWA Chandrack,AAB,BENI,male
26,BALAMAGE N’KOLO Boniface,ECT,IDJWI,male
27,BALEKELAYI BEYA Donatien,AABC,KAZUMBA,male
28,BALENZA DI BALENZA Paul,AABC,FUNA,male
29,BALIESIMA KADUKIMA Albert,ADRP,BENI,male
30,BANDENONGA AKUKPA Fabrice,AA/a,DJUGU,male
31,BANIO DEBHO Daniel,AAB,ARU,male
32,BANYWESIZE MUKUZA MUHINI Vital,AFDC-A,KALEHE,male
33,BANZA LUNDA John,ABCE,KALEMIE,male
34,BANZA MULUME Marmont,AAB,KAMINA,male
35,BARHALENGEHWA BASIMINE Jules,ALLIANCE,KABARE,male
36,BAZAIBA MASUDI Eve,MLC,BASOKO,female
37,BEMBA WALE Caroline,MLC,GEMENA VILLE,female
38,BENZA KONGAWI Alphonse,G18,KUNGU,male
39,BEROCAN KERAURE Nono,ALLIANCE,MAHAGI,male
40,BIDJEP BIDJEP Etienne,UDPS/Tshisekedi,DIBAYA,male
41,BISWEKO KIMPESE Eddy,RRC,MANONO,male
42,BITIJULA MAHIMBA Martin,PCD,UVIRA,male
43,BOBE YABOY Jean-Pierre,MLC,LIBENGE,male
44,BOFAYA BOTAKA BAENDE René Sébastien,PPRD,BONGANDANGA,male
45,BOIKA MOHOKE ISENGE Faustin,MLC,BIKORO,male
46,BOKELE DJEMA Adrien,MIP,DEKESE,male
47,BOKO MATONDO Fabien,PALU&Alliés,FESHI,male
48,BOKOLOMBE BATULI Sam,AMK,BASANKUSU,male
49,BOKUMWANA MAPOSO Elysé,UDPS/Tshisekedi,BONGANDANGA,male
50,BOLENGETENGE BALEA Dieudonné,MS,ISANGI,male
51,BOLIKI BOKOTA Abraham,AA/a,KISANGANI,male
52,BOLILA LOLA-GA-TSHINA Devaux,ADRP,KISANGANI,male
53,BOLIO EMINA MPA REWIL Willy,PPPD,BOLOBO,male
54,BOLOKO ANGBENGA Gabriel,MS,BUMBA,male
55,BOMBELOSANDA BALUMA Patrick,PPRD,YAHUMA,male
56,BOMPANZE ENGOMBE Freddy,AFDC-A,INGENDE,male
57,BOMPINI BALINGA Michel,ADRP,OSHWE,male
58,BONANE YA NGANZI Xavier,PCD,DUNGU,male
59,BONGA LAISI Guillaume,UNC,BUKAVU VILLE,male
60,BOSISE BONGOLI René,AFDC-A,IKELA,male
61,BOTAKILE BATANGA Noël,AA/a,BONGANDANGA,male
62,BUKASA NGOY Prosper,ADRP,LUILU (MWENEDITU),male
63,BULAMBO KILOSHO Jean-Marie,ABCE,BUKAVU VILLE,male
64,BULE GBANGOLO BASABE Mohamed,MLC,BUTA VILLE,male
65,BUPILA Hussein John,ATIC,KABAMBARE,male
66,BUSHIRI MUHIRWA BETA,AAB,WALIKALE,male
67,BUSSA OMBAMBULE Gaël,CODE,BUDJALA,male
68,BYAYUWA MULEY Adolphine,RRC,KALEHE,female
69,CAMUNANI KALAZO Déocard,UNC,WALUNGU,male
70,CHEMBO NKONDE Serge,PPRD,SAKANIA,male
71,CHIRHULWIRE II BULALA BASENGEZI Richard,RRC,MWENGA,male
72,COKOLA NTWALI KATINTIMA Prince,PPRD,WALUNGU,male
73,DEDE KODORO KEWALO Justin,AABC,YAKOMA,male
74,DELMA MBO Sylvain,MS,BAGATA,male
75,DHEDDA TIKPA François,AAD,DJUGU,male
76,DIKAPA SHIMUNA Dieudonné,PPRD,KAZUMBA,male
77,DIMBU LUKOMBO Diane,PALU&Alliés,PWETO,female
78,DITU MONIZI Blaise,DO,TSHANGU,male
79,DJOLI ESENG’EKELI Jacques,MLC,BOENDE,male
80,DODA MAVUNGU Mathieu,ADU,SONGOLOLO,male
81,DRAZA ATSULE Jean-Claude,AA/a,ARU,male
82,DROTI OBHITRE RHUMBE Baudouin,AAD,ARU,male
83,EGWAKE YANGEMBE Omer,ADU,BUMBA,male
84,EHOLO EONI Norbert,ATIC,BUDJALA,male
85,ENDUNDO LOMATA Serge,G7,LUKOLELA,male
86,ENERUNGA MUUNDA Anselme,AAB,KALEHE,male
87,ENGBANDA MAANGA José,PPRD,,male
88,ENGELEMBA BOKUWE Célestin,ACO,MONKOTO,male
89,ETINA BEKILE IPAN Abdon,ADRP,KUTU,male
90,EYUMU NASA Célestin,AA/a,BULUNGU,male
91,EZADRI EGUMA Norbert,MS,ARU,male
92,FEZA MOTEMA Christine,AA/a,LUKUNGA,female
93,FUMANY GYMBADI Rombeau,ACC,GUNGU,male
94,FURAHA UMA Daniel,RRC,MAHAGI,male
95,FUGURUTA MUKASA Hubert,UNC,GOMA VILLE,male
96,FWANI SASI MALANDA Abner César,PPPD,TSHELA,male
97,GACHURUZI SHALLY Boniface,MIP,MASISI,male
98,GAMOTO MATEYASE Valentine,PPRD,BOSOBOLO,female
99,GBADI KARUME Jean,AAB,WAMBA,male
100,GHONDA MANGALIBI Antoine,PPRD,MADIMBA,male
101,HAKIZ’UWERA NDABAGERA TITE,AABC,KALEHE,male
102,IBULA MWANA KATAKANGA Jules César,AA/a,KASONGO-LUNDA,male
103,IHEMBA KAYOMBO Isabelle,PPRD,DILOLO,female
104,IKENGE LISA/BOLA Laurent,AAD,ISANGI,male
105,IKUKT IKOK NGOLO Martin,PPRD,MWEKA,male
106,ILANGA LEMBOW Bienvenu,PPPD,KUTU,male
107,ILONGO TOKOLE Jean,AAB,KISANGANI,male
108,ILUNGA NKULU WA KILUBA Paul,AFDC-A,MALEMBA NKULU,male
109,INAGOSI BULO IBAMBI KASSONGO Genevieve,AA/a,WAMBA,female
110,INGELE IFOTO Jean-Marie,APCO,FUNA,male
111,IPAKALA ABEIYE MOBIKO André,INDEPENDANT,BAFWASENDE,male
112,IRACAN UNEN Gratien de Saint Nicolas,MS,BUNIA VILLE,male
113,ISEKEMANGA NKEKA René,RRC,BEFALE,male
114,IYANANIO MOLIGI Simon-Pierre,AAB,SHABUNDA,male
115,KABAMPELE NGABUL Didier Divalier,AFDC-A,TSHANGU,male
116,KABANGE NUMBI MUKWAMPA Félix,AAB,MALEMBA NKULU,male
117,KABANGU TSHIZUBU Bruno,UDPS/Tshisekedi,MBUJI-MAYI VILLE,male
118,KABASELE PANU Alidor,AA/a,TSHANGU,male
119,KABEYA KABEYA Olivier,UDPS/Tshisekedi,LUILU (MWENEDITU),male
120,KABEYA KALENGA Anaclet,UDPS/Tshisekedi,SAKANIA,male
121,KABILA KYUNGU Jaynet Désiré,PRP,KALEMIE VILLE,female
122,KABUND-A-KABUND Jean-Marc,UDPS/Tshisekedi,MONT AMBA,male
123,KABWE BANZA Papy Seoul,ADU,LUBUMBASHI VILLE,male
124,KABWELULU LABILO Martin,PALU&Alliés,MANONO,male
125,KABWIKA MASTAKI KULIVA Prosper,PALU&Alliés,LUBUDI,male
126,KAHENGA SOMPO Joseph,PPRD,LUBAO,male
127,KAHOZI BIN MALISAWA Augustin,PCD,LUBUMBASHI VILLE,male
128,KAKUBU K’ILAKA Alidor,PCD,LUIZA,male
129,KAKULE KALYOMO Déogratias,AABC,BUNIA VILLE,male
130,KAKULE KYATSANDIRE Godefroid,AR,MAMBASA,male
131,KALEND KANYIK Papy,AFDC-A,MUTSHATSHA,male
132,KALENGA MAMBEPA MATEMBELE Jean,ABCE,PWETO,male
133,KALIMW SONGO KUND Anaclet,PPPD,LUILU (MWENEDITU),male
134,KALOMBO TSHINKENKE Rombault,PPPD,DEMBA,male
135,KALONJI KALONJI Auguy,ATIC,TSHANGU,male
136,KALUKUTA MUSAU Josué,UDPS/Tshisekedi,LUIZA,male
137,KAMBALE EZECHIEL Barnabas,G7,MAMBASA,male
138,KAMBALE MATHE Mathieu,G7,BENI,male
139,KAMBALE MUHASA Alexandre,AABC,LUBERO,male
140,KAMBALE MUSEMO Daniel,AMK,BENI,male
141,KAMBALE SHANGILIA Zephanie,MS,RUTSHURU,male
142,KAMISENDU KUTUKA Jean,AFDC-A,MASI-MANIMBA,male
143,KAMUNDU BATUNDI Didier,G7,MASISI,male
144,KAMUNGA MULOWAYI André,UDPS/Tshisekedi,MBUJI-MAYI VILLE,male
145,KANEFU MUNJIWA Jean-Pierre,ADRP,LUBERO,male
146,KANGUDIA MBAYI Pierre,G18,MONT-AMBA,male
147,KANIKI MESU TSHIAKATUMBA Robert,MS,NGANDAJIKA,male
148,KANOW MANUNGANYI TSHIOBA Jean Constantin,UDPS/Tshisekedi,TSHIKAPA,male
149,KAPAMA MAPATANO Jacques,AABC,KOLWEZI VILLE,male
150,KAPIKA NDJI KANKU WU MUKUMADI Joseph,ABCE,KAZUMBA,male
151,KAPONGO MUNYOKA Donatien,UDPS/Tshisekedi,DEMBA,male
152,KAPOYA MUTOMB’ KALONG,AVANCONS,KAPANGA,male
153,KAPUFI MWANSA Viviane,AAAC,LUBUMBASHI VILLE,female
154,KAPUKU KAPUKU Florent,PPRD,MWEKA,male
155,KARUME BAKANEME Anne-Marie,ALLIANCE,WAMBA,female
156,KASEREKA KALWAHALI Sylvain,AAD,LUBERO,male
157,KASEREKA MANGWENGWE Jadot,ATIC,BENI,male
158,KASEREKA WATHEVWA KIZERBO,AAB,BENI VILLE,male
159,KASHOBA KABONSHI Denis,AMK,KAMBOVE,male
160,KASINDI KINGOMBE Benjamin,AFDC-A,BUKAVU VILLE,male
161,KASONGO KABONDO Justin,PPRD,LUBUMBASHI VILLE,male
162,KASONGO MWADIAVITA Lucain,PPRD,KAMINA VILLE,male
163,KASUNKA WA BANZA Mathieu,AA/a,LUBUMBASHI VILLE,male
164,KASUSA KIKOBYA BARUANI Hilaire,AFDC-A,SHABUNDA,male
165,KATEMBO KAMBERE Thadée,AMK,LUBERO,male
166,KATEMBO MBUSA TEMBOS YOTHAMA,AMK,BUTEMBO VILLE,male
167,KATEMBO MUHINDO Désiré,AABC,RUTSHURU,male
168,KATEMBWE KASONGO Dieudonné,ATIC,KASONGO,male
169,KATSHONGO MBAVU Paulin,PPRD,MUTSHATSHA,male
170,KAVIRA KATOSHOHIRE Jeannine,AABC,BENI,female
171,KAVIRA MAPERA Jeannette,PALU&Alliés,LUBERO,female
172,KAYEMBE ILUNGA Jean-Pierre,AFDC-A,KANANGA VILLE,male
173,KAYINDA MAHINA Adèle,AFDC-A,SANDOA,female
174,KAYUMBA SHIKILWE Bernard,AAAC,LUKUNGA,male
175,KAZADI KABONGO Georges,CODE,KANIAMA,male
176,KAZADI MUAYILA Théodore,PPRD,TSHIKAPA,male
177,KAZEMBE MULWANI Innocent,AMK,PWETO,male
178,KAZUMBA MAYOMBO William,AFDC-A,DIBAYA,male
179,KAZWAZWA UBITE Modeste,MS,KENGE VILLE,male
180,KEZAMUDRU MUSISIRI Jean-Pierre,ADRP,NIAGARA,male
181,KIALA BOLENGA BOLEY Maguy,ADU,LUSAMBO VILLE,female
182,KIBALA N’KOLDE Jean-Claude,MS,MWENGA,male
183,KIBUKA KIA KIESE Raphaël,MLC,MONT AMBA,male
184,KIKOKA TONI GAYTONI,ADRP,KIMVULA,male
185,KILUBA LONGO Justin,PALU&Alliés,MALEMBA NKULU,male
186,KIMBUNDA MUDIKELA Jean,PPRD,MASI-MANIMBA,male
187,KIMBUTA MOTEMA Eric,PPRD,TSHANGU,male
188,KIBAU MAFUTA Jean,AAB,TSHANGU,male
189,KIOVE KOLA Eduard,UNC,LUBERO,male
190,KIPULU KABENGA Antoinette,RRC,MASI-MANIMBA,female
191,KIRO TSONGO Grégoire,AR,BENI VILLE,male
192,SEKE NGEDI Alphonse,RRC,MATADI VILLE,male
193,KITAMBALA KALONDA MANDA Christophe,ATIC,MOBA,male
194,KITENGE KAPÄLU Gaston,AA/a,KOLWEZI VILLE,male
195,KITSALI KATUNGO Jean-Hélène,ADRP,LUBUMBASHI VILLE,male
196,KITWA GODALENA IDA,PPPD,BUKAMA,female
197,KITWA MUTOMBO MPYANA Freddy,ACO,KAMINA,male
198,KIWILA WA BAKUNDA Charles,PCD,LIKASI VILLE,male
199,KOKONYANGI WITAMENE Joseph,AA/a,PANGI,male
200,KOLOBA DENGE Robert,AFDC-A,LIBENGE,male
201,KONZI LUVUNGU Floribert Fofo,PPPD,LUBUMBASHI VILLE,male
202,KOTONGO ANFIO BATO Jean-Bosco,G18,BUSINGA,male
203,KUHATELELA GUBEMBEYA Lucie,PPRD,GUNGU,female
204,KULUNGU DOUG,AAB,KASONGO-LUNDA,male
205,KUTEKALA KAAWA Albert,PPRD,KASONGO-LUNDA,male
206,LEBE MUPIYA Florent,AAAC,FUNA,male
207,LEKU APUOBO Emmanuel,AFDC-A,MAMBASA,male
208,LEMBI LIBULA Joseph,MLC,LISALA,male
209,LENGA WALENGA Alexis,MLC,GEMENA,male
210,LIHAU EBUA KALOKOLA Jean-Pierre,PPPD,BUMBA,male
211,LIKINDA BOLOM’ELENGE Fidèle,PPRD,IKELA,male
212,LINGO NGBANDANI Prince Ibrahim,ACO,BONDO,male
213,LIYOTA NDJOLI Bienvenu,AAB,LUKUNGA,male
214,LOKANA BAHATI Fidèle,ADRP,DJUGU,male
215,LOKOKA ISAKA François,MIP,BOKUNGU,male
216,LOKONDO YOKA Henri-Thomas,PALU&Alliés,MBANDAKA,male
217,LOMASA OKOTO DOMBELO Franck,PPRD,LOMELA,male
218,LOMBAKU LOHENDA Jean-Marc,ALLIANCE,LODJA,male
219,LONGONYA LAWODJA Charles,ALLIANCE,KATAKO-KOMBE,male
220,LOOLA EKOFO Floribert,RRC,BOKUNGU,male
221,LOTANA LOKASOLA Albert,AAB,DJOLU,male
222,LOTHAPE MADIMBO Nelson,PPRD,KOLE,male
223,LUBAYA Claudel André,AMK,KANANGA VILLE,male
224,LUKIANA MUFWANKOLO DIALUKUPA Marie-Ange,ADU,TSHANGU,female
225,LUKONO SOWA Dominique,AFDC-A,DEMBA,male
226,LUKULASI MASSAMBA Jean-Marie,AFDC-A,FUNA,male
227,LUKUSA KASHALA Willy,ADRP,MBUJI-MAYI VILLE,male
228,LUMANU CIMPAKA Véronique,PPRD,KABINDA VILLE,female
229,LUMANU MULENDA BWANA NSEFU Adolphe,PPRD,KABINDA,male
230,LUMBU KIALA René,RRC,KASONGO-LUNDA,male
231,LUMBU NGOY Yannick,ATIC,LUBUMBASHI VILLE,male
232,LUMEYA DHU MALEGHI Léonard,APCO-DDC,KIKWIT VILLE,male
233,LUNGUANA MATUMONA Jacques,MLC,MBANZA-NGUNGU,male
234,LUSENGE KAMBALE BONANE Jérôme,AR,LUBERO,male
235,LUTHELO NYUDI Muller Oscar,PPPD,MATADI VILLE,male
236,LUTUNDULA APALA PEN’APALA Christophe,G7,KATAKO-KOMBE,male
237,LUWALA NGAMAKOSHI Hubert,AAAC,BULUNGU,male
238,LUWEPE MAYARA Justin,PALU&Alliés,ILEBO,male
239,LUWUNDJI OKITASOMBO Alexis,AAAC,LODJA,male
240,MABUNDA LIOKO Jeanine,PPRD,BUMBA,female
241,MADIMBA KALONJI Daniel,MLC,KATANDA,male
242,MAEMBO GELINGI Paulin,MLC,ISANGI,male
243,MAFEFE MUKOZO MWENE LUSENGA Aimé,AFDC-A,DILOLO,male
244,MAFUTA KABONGO Guy,MIP,TSHIKAPA,male
245,MABGENGU SWANA EMINA MONZIA Dismas,ABCE,BUMBA,male
246,MAISHA BISHOBIBIRI Alfred,UNC,BUKAVU VILLE,male
247,MAKENGO LUTIMBA Hubert,AFDC-A,KASONGO,male
248,MAKENGO NGOMBE MATOKA Charles,,TSHANGU,male
249,MAKIASHI WILLY Willy,PALU&Alliés,GUNGU,male
250,MALANDJI MUJINGA Patient,ADRP,KOLWEZI VILLE,male
251,MALUKU POMBI Claude,ZAIRE,LISALA VILLE,male
252,MAMBA KABAMBA Jean-Jacques,MLC,LUKUNGA,male
253,MAMBEMBA MUKENGELE Florent,AABC,TSHANGU,male
254,MAMBIDI KOLOBORO Jean-Marc,AR,WATSA,male
255,MAMBO KATUNDA Jean-Bosco,DO,BAGATA,male
256,MAMPA MBEMBILA Belly,AMK,KASANGULU,male
257,MANARA LINGA Didi,PPRD,KASONGO,male
258,MANDA KANSABALA Jean,AMK,MOBA,male
259,MANDJUANDJUA MAYEMBE LA JEUNESSE,PCD,ILEBO,male
260,MANGABU LUABEYA Nadine,UDPS/Tshisekedi,MBUJI-MAYI VILLE,female
261,MANGAY BOSABA Pascal,AA/a,KUNGU,male
262,MANGAY MUMVUNGA Patrick,AA/a,FUNA,male
263,MANTEZOLO DIATEZUA Papy,CODE,LUOZI,male
264,MAOMBI KATSHONGO Sosthène,AFDC-A,LUBERO,male
265,MASAMABA MA-KIESE Rémy,UDPS/Tshisekedi,MONT AMBA,male
266,MASAMBA MALUNGA Jean-Didier,ADU,KASANGULU,male
267,MASANGA KISIGAY Etienne,,UBUNDU,male
268,MASANGU BIBI MULOKO Mireille,G7,LUBUMBASHI VILLE,female
269,MASELA KILUTY ZURY,RRC,IDIOFA,male
270,MASIKINI MBILI Lylie,MS,BUSINGA,female
271,MASSIALA PHOBA Charlotte,DO,LUKUNGA,female
272,MASTAKI NAMEGABE Justin,UNC,BUKAVU VILLE,male
273,MASUMBUKO NYENYEZI Solange,AFDC-A,LUKUNGA,female
274,MATADI NENGA GAMANDA,RIA,TSHANGU,male
275,MATADI WAMBA KAMBA MUTU Tharcisse,AFDC-A,KENGE,male
276,MATONDO KIVUILA Roger,PPRD,MBANZA-NGUNGU,male
277,MATUKU MEMAS Lambert,,GUNGU,male
278,MATUMONA ZOLA Alain,MS,BOLOMBA,male
279,MATUTALA MU KANDA NTEKO MAKENGO,ADRP,MADIMBA,male
280,MAVUDILA KONGO Romain,AABC,KENGE,male
281,MAVUNGU TSIKU Joachim,AAB,SEKE BANZA,male
282,MAYUMA KASENDE Louise,PPRD,BULUNGU,female
283,MBADU PHANZU Crispin,AAB,TSHELA,male
284,MBAKATA PUTU Freddy,PALU&Alliés,TSHANGU,male
285,MBAKI MANSANGA Bernard,ABCE,TSHANGU,male
286,MBALO LUANGE Christine,PPRD,TSHIKAPA,female
287,MBAMBI PHOBA Adrien,AMK,BOMA VILLE,male
288,MBANGA MANZIMI Sébastien Rodolph,PPRD,YUMBI,male
289,MBATA BETU KUMESU MANGU André,UDPS/Tshisekedi,DIMBELENGE,male
290,MBATSHI BATSHIA Simon Floribert,PPRD,LUKULA,male
291,MBAU SUKISA Daniel,MLC,MONT AMBA,male
292,MBAYA KANDUDI Jean,PALU&Alliés,TSHIKAPA,male
293,MBAYO YAHENGA Benoît,PPRD,KONGOLO,male
294,MBEMBA KABUYA Samuel,ABCE,LUKUNGA,male
295,MBEMBA MUKOBIAWU Jeanne,ACC,MASIMANIMBA,female
296,MBENGELE KWETE THAMUK Constantin,AFDC-A,MWEKA,male
297,MBIKAYI PASHI Marielle,AFDC-A,MONT AMBA,female
298,MBILAMBANGU LUNGAMBO Anne-Marie,CPR,ILEBO,female
299,MBINDULE MITONO Crispin,UNC,BUTEMBO VILLE,male
300,MBOMA MPYA NDAANGYE Firmin-Dupont,AAAC,TSHANGU,male
301,MBOMBO MUTSHIMPAYI Elisabeth,AFDC-A,KAZUMBA,female
302,MBOSO N’ KODIA PWANGA Christophe,ABCE,KENGE,male
303,MBOYO PAPY BIKANZA Jean-Marie,ABCE,BIKORO,male
304,MBUKU BALELE Pepe,AFDC-A,MBANZA-NGUNGU,male
305,MBUKU LAKA Boris,G7,IDIOFA,male
306,MBUMBA MAVUNGU Pétronelle,ACO,MONT AMBA,female
307,MBUYU KABANGO MUKOLWE Célestin,PPPD,KABONGO,male
308,MEMBA EBENGA NANOU,ADRP,KIPUSHI,male
309,MENDE OMALANGA Lambert,ALLIANCE,LODJA,male
310,MIDI GIAMANY ZOZEY Ambroise,UDPS/Tshisekedi,MOANDA,male
311,MILOLO DIBONDO ZOBEL,AFDC-A,TSHIKAPA,male
312,MINAKU NDJALANDJOKO Aubin,PPRD,IDIOFA,male
313,MIRUHO AKILI Prosper,UNC,IDJWI,male
314,MISARE MUGOMBERWA Claude,UNC,UVIRA,male
315,MOKOLO NDJOLI Tania,G7,MAKANZA,female
316,MOMBUNZA LIBOTOLO Annie,MLC,BUDJALA,female
317,MONDOLE ESO LIBANZA Léon,ACC,LISALA,male
318,MOPONDI MALOKA MUGAI John,PPPD,KUNGU,male
319,MOTA NGALIEMA Léonard,PPPD,TSHANGU,male
320,MOTEMONA GIBOLUM Godard,PPRD,MONT AMBA,male
321,MOUSSA KALEMA SANGOLO ZAKU,AAAC,MASI-MANIMBA,male
322,MOVA SAKANYI Henri,PPPD,LUKUNGA,male
323,MPANGA WA LUKALABA Jean-Jacques,ACO,MITWABA,male
324,MPIA LOTETE Messie,PPRD,KIRI,male
325,MPIA MENAZAMBILI Claude,UNC,MONT AMBA,male
326,MPIANA NTUMBA Simon,UNC,KANANGA VILLE,male
327,MPONGO NKITA ILANGA NZALI Jean-Claude,PPRD,INONGO,male
328,MPOSHI KIBAMBE Dieudonné,PPPD,LUBAO,male
329,MPUNGA MUSHA MUSHA Charles Guillaume,UDPS/Tshisekedi,MWENE-DITU VILLE,male
330,MPUTU YALIKO KELPER,CPR,INONGO,male
331,MSAFIRI KYAKAKALA BENEZETH,AABC,LUBERO,male
332,MUABILU MUALUKIE Winnie,AA/a,MONT AMBA,female
333,MUAKASA HEVA Evariste,APCO,BOMA VILLE,male
334,MUANZA MUNYA Papy Bon Soleil,UDPS/Tshisekedi,TSHIKAPA VILLE,male
335,MUBA KITWA Damase,PPRD,BIUKAMA,male
336,MUBAMBE WA LUMBULWA Khiler,AMK,LIKASI VILLE,male
337,MUBER THONIOT Serge,PCD,MAHAGI,male
338,MUBIKAYI MUBALAMATE Léon,UDPS/Tshisekedi,LUEBO,male
339,MUBONZI MURHOMULUME Bertin,UNC,LUKUNGA,male
340,MUDEKEREZA NAMEGABE Olive,AFDC-A,WALUNGU,male
341,MUFALME TAMBWE SOKORO,ADRP,KONGOLO,male
342,MUFULA JIVE JOSUE,AAB,GOMA VILLE,male
343,MUGIRANEZA NDIZEYE Jules,AABC,MASISI,male
344,MUHINDO KASEKWA Jean-Baptiste,DO,GOMA VILLE,male
345,MUHINDO MULEMBERI VAHUMAWA Paul,AR,BENI,male
346,MUHINDO NZANGI BUTONDO,MS,BUTEMBO VILLE,male
347,MUHIYA LUMBU Eustache,,KALEMIE VILLE,male
348,MUINGA TULELA Nelly,ACO,SONGOLOLO,female
349,MUKASA KALEMBWE Calixte,AMK,KIPUSHI,male
350,MUKEBA M’FOUTA Albert – David,ADRP,MIABI,male
351,MUKENA YUMBA Patient,PPRD,MALEMBA NKULU,male
352,MUKENDI FONTSHI KANYINDA Serge,ADRP,TSHILENGE,male
353,KASANDA KADIESA Serkas,UDPS/Tshisekedi,MBUJI-MAYI VILLE,male
354,MUKONGA KASAMBA Arsène,ABCE,LUBUDI,male
355,MUKUNDI NYEMBO KAHUMBA Emmanuel,CODE,NYUNZU,male
356,MULAMBA MPUTU Simon,AR,TSHIKAPA,male
357,MULIMBALIMBA MASURURU Luc,AFDC-A,UVIRA,male
358,MULONGO NZEMBA COCO Jacques,UDPS/Tshisekedi,LUBUMBASHI VILLE,male
359,MULUMBA KANZA Augustin,UDPS/Tshisekedi,NGANDAJIKA,male
360,MUNDIA NEKE Pétillon,MS,KUTU,male
361,MUNGA MESOZI Louise,PPRD,FIZI,female
362,MUNGANGA GADIMBA GEMBI Cléophas,MS,BULUNGU,male
363,MUNKIE MBALI IBA Didier,MLC,TSHANGU,male
364,MUNONGO INAMIZI Dominique,AMK,LUBUDI,female
365,MUNUBO MUBI Juvénal,UNC,WALIKALE,male
366,MUNYOMO BASILWANGO Patrick,AFDC-A,GOMA VILLE,male
367,MUPASA LUKOBO Dhedhe,ADRP,IDIOFA,male
368,MUPEKA KINDUNDU Jocelyne,ACC,BULUNGU,female
369,MUSAMBYA KABWE Freddy,UDPS/Tshisekedi,FIZI,male
370,MUSAO KALOMBO MBUYU Célestin,AA/a,KABONGO,male
371,MUSEMENA BONGALA Gaston,PPRD,UBUNDU,male
372,MUSENGI KAPISILA Cathy,ADRP,KIKWIT VILLE,female
373,MUSHOBEKWA LIKULIA Marie-Ange,G18,KABARE,female
374,MUSOMO WAPEMBE Guy,ADRP,KWAMOUTH,male
375,MUSUKULU BARANDE Emmanuel,PALU&Alliés,BULUNGU,male
376,MUTEULE MOROMORO MUTUEL,AABC,NYIRAGONGO,male
377,MUTIRI WA BASHARA Elvis,PALU & Alliés,GOMA VILLE,male
378,MUTOKAMBALI LUVANZAYI Jean-Luc,AAB,RUTSHURU,male
379,MUTOMBO KASONGO Germain,AMK,NGANDAJIKA,male
380,MUTONKOLE KINYANGA Gaspard,AAB,BUKAMA,male
381,MUYAYA KATEMBWE Patrick,PALU&Alliés,FUNA,male
382,MUZAZA OWAN NGAMPIO Thierry,PALU&Alliés,IDIOFA,male
383,MUZITO FUMUTSHI Adolphe,UREP,KIKWIT VILLE,male
384,MWABA KAZADI Tony,UDPS/Tshisekedi,LUKUNGA,male
385,MWADI KADIATA Olga,UDPS/Tshisekedi,LUBUMBASHI VILLE,female
386,MWAMBA BANZA Odette,AAB,KABONGO,female
387,MWAMBA MANGBENZA Roger,ACO,BOMONGO,male
388,MWAMBA MUKENGE Emile,MIP,LUBUMBASHI VILLE,male
389,MWANDO NSIMBA KABULO Christian,G7,MOBA,male
390,MWANGACHUCHU HIZI Edouard,ACO,MASISI,male
391,MWANZA HAMISI SINGOMA,AAB,NYIRAGONGO,male
392,MWENZE WAKADILO Rosen,AFDC-A,BUKAMA,male
393,MWEPU KIBANDA Yvonne,PALU&Alliés,KASENGA,female
394,MWILANYA WILONDJA Nehémie,PCD,FIZI,male
395,NAWEJ MUNDELE Charles,AAAC,KAHEMBA,male
396,NDAMBIRE MAKUHA Stive,AAB,BENI,male
397,N'DAMBU WOLANG Richard,AAB,IDIOFA,male
398,NDAYISIMYE HARERIMANA Justin,ADRP,MASISI,male
399,NDENGO BAPALEMBI Ernest,G7,KUNGU,male
400,NDJOLOKO TAMBWE BATHE,PPPD,PANGI,male
401,NDOMBASI BANIKINA Ados,DO,FUNA,male
402,NEEMA PAININYE Grace,AABC,ANGO,female
403,NEMBALEMBA ESSUKU Léon,AFDC-A,FUNA,male
404,NGADJOLE DHEBO Jean,MIP,DJUGU,male
405,NGALULA ILUNGA Eric,UDPS/Tshisekedi,LUPATAPATA,male
406,NGANDU KATUNDA Alphonse,UDPS/Tshisekedi,KABEYA KAMWANGA,male
407,NGANDU KAYEMBE Valentin,PPRD,DIMBELENGE,male
408,NGBANYO MBUNGA DETATO José,AMK,MOBAYI-MBONGO,male
409,NGINDU SHINDANYI MUABI Espérant,PPPD,LUEBO,male
410,NGOBE YOTO Hardy,MLC,BASANKUSU,male
411,NGOIE MANY Liliane,PPRD,MANONO,female
412,NGOMBE NZEU Charles,MS,AKETI,male
413,NGOY KITANGALA Richard,PPPD,KONGOLO,male
414,NGOYI KASANJI Alphonse,PPRD,MBUJI-MAYI VILLE,male
415,NGWASI AKILIMALI Dieudonné,AFDC-A,KABARE,male
416,NIANGO IZIAMAY MUNSHEMVULA Papy,APCO,BANDUNDU VILLE,male
417,NKENGELA KAPIANGA Mimy,PPRD,BOENDE VILLE,female
418,NSAFU BUTSHIEMUNI Daniel,AMK,MONT AMBA,male
419,NSASE MUETUTUIKALE Dieudonné,PPRD,LUSAMBO,male
420,NSEYA MULELA Patricia,UDPS/Tshisekedi,LIKASI VILLE,female
421,NSIMBA MATONDO Modéro,ATIC,MOANDA,male
422,NSINGI PULULU Cerveau Pitshou,AAB,FUNA,male
423,NSUMBU MUNTU KALAVO Pierre,ACO,MBANZA-NGUNGU,male
424,NTAMBWE MPOSHI Charmant Eliezer,AMK,LUKUNGA,male
425,NTUDI NSUNGU Noël,PPRD,LUKUNGA,male
426,NTUMBA CIABOLA BINTOU,UDPS/Tshisekedi,KATANDA,female
427,NYARUGABO MUHIZI Moïse,G18,UVIRA,male
428,NZANGI NGELENGBI Antoine,CODE,YAKOMA,male
429,NZEKUYE KABURABUZA François,PPRD,RUTSHURU,male
430,ODIANE DOUNE Paulin,MS,ISIRO VILLE,male
431,OKENDE SENGA Cherubin,AMK,LUKUNGA,male
432,OKFUNGU OHOTO Justin,AAAC,KOLE,male
433,OKOTO LOLAKOMBE Jean-Charles,PPRD,LODJA,male
434,OKOYO NEMBWE Vincent,,OPALA,male
435,OKUNDJI NDJOVU Emery,RASSOP,LUBEFU,male
436,OLEKO MAFUE A BEOMBEY Stanilas,ABCE,LUBUTU,male
437,OMPETA SHONDA Emmanuel,G7,LODJA,male
438,OSUMAKA LOFANGA Augustin,,KISANGANI,male
439,OTSHUDI OLAMBA René,CODE,LUBUMBASHI VILLE,male
440,PAIPO NGWELI Wivine,PPRD,KABAMBARE,female
441,PALUKU KAMAVU Eric,AR,BUTEMBO VILLE,male
442,PASI ZAPAMBA BUKA Jean-Pierre,AAB,POPOKABAKA,male
443,PEMBAMOTO KYALA Matthieu,AABC,KAMBOVE,male
444,PEMBE BOKIAGA Didace,ADU,MUSHIE,male
445,PEMBE LUEMBA Tatiana,ACO,TSHANGU,female
446,PUELA Albert Fabrice,DO,MATADI VILLE,male
447,RASHIDI BUKANGA Rubin,AFDC-A,KINDU VILLE,male
448,RUSIZE BYATERANA Christian,PPRD,KABARE,male
449,RWAKABUBA RIBAGIZA Maguy,AFDC-A,RUTSHURU,female
450,SAFARI NGANIZI Jacques,PALU&Alliés,MASISI,male
451,SAKATA MOKE TAWAB Garry,PALU&Alliés,BAGATA,male
452,SEBUJANGWE KIRIVITA Bertin,ADRP,MASISI,male
453,SEDEA NGAMO ZABUSU Arthur,AABC,BUSINGA,male
454,SEGBEWI ZAMU Jacques,PPRD,GEMENA,male
455,SEGIHOBE BIGIRA Jean-Paul,CPR,RUTSHURU,male
456,SEKESA SADIANGE Dieudonné,PPRD,TSHIKAPA VILLE,male
457,SENEMONA MOINGA Paul,CODE,GEMENA,male
458,SERUFULI NGAYABASEKA Eugène,ADRP,RUTSHURU,male
459,SESANGA HIPUNGU DJA KASENG Delly,AR,LUIZA,male
460,SHISSO KONGOLO Hyancinthe,ADU,LUBUMBASHI VILLE,male
461,SIDO WAGIA Roger,CODE,ZONGO VILLE,male
462,SIMENE WA SIMENE Samuel,PPRD,KISANGANI,male
463,SOMANA MONDALI Justin,ALLIANCE,RUNGU,male
464,SORIANO KITANIKA Abraham,AMK,KASENGA,male
465,SWEDI KANYADURU Richard,PPRD,KALEMIE,male
467,TABU MAKUSI Angèle,MS,DJUGU,female
468,TAMBWE KATAMBWE André,PPRD,KATAKO-KOMBE,male
469,TAMBWE LUBAMBA Jean-Marie,AFDC-A,KABINDA,male
470,TAMBWE NGONGO MWANATSALI Maurice,PPRD,KINDU VILLE,male
471,TEPAGE TEDENDE Floribert,ATIC,BUTA,male
472,TOENGAHO LOKUNDO Faustin,RRC,BASOKO,male
473,TSHIBANG NTAMBW Denis,G7,LUILU (MWENEDITU),male
474,TSHIBANGU BUAMUKOSO Georges,MS,KAMIJI,male
475,TSHIBANGU KABULA Freddy,UDPS/Tshisekedi,TSHILENGE,male
476,TSHIELA KAMBA Eugénie,UDPS/Tshisekedi,KANANGA VILLE,female
477,TCHILEMB KABWIT Albert,PPRD,KOLWEZI VILLE,male
478,TSHILUMBU KANTOLA Paul,UDPS/Tshisekedi,TSHANGU,male
479,TSHIMANGA BUANA Jean-Pierre,AFDC-A,TSHIKAPA,male
480,TSHIPAMA LUNGANGA TSHIAMA Martin,AAAC,MWENE-DITU VILLE,male
481,TSHISUMPA TSHIAKATUMBA Placide,AA/a,TSHANGU,male
482,TSHIZAINGA KAPUMBA Cédrick,AA/a,LUBUMBASHI VILLE,male
483,TSHOMBA NTUNDU Collette,MIP,FUNA,female
484,TSHONGBOLO MALENGA Janvier,ZAIRE,GBADOLITE VILLE,male
485,TSUNDU TSUNDU Jonas,UNC,LUKULA,male
486,TUMBA MUKENDI André Léon,UDPS/Tshisekedi,MIABI,male
487,TUNDA KASONGO LUKALI Prosper,ATIC,KIBOMBO,male
488,TUTU TEDEZA KANGO Gilbert,ATIC,POKO,male
489,TWANA WIBINA Evariste,ACO,GEMENA,male
490,UNYON VAKPA KATUMBA Innocent,AABC,MAHAGI,male
491,UVOYA UNENCAN Jean-Faustin,AFDC-A,MAHAGI,male
492,UYEWA CWINYA’AY Daniel,ABCE,DJUGU,male
493,VUANGA MUKONGO Christelle,AMK,FUNA,female
494,WAMU ATAMINiA Henriette,UDPS/Tshisekedi,FUNA,female
495,WASSO WABIWA Irène,PCD,MWENGA,female
496,WIDJILOWO NE ITCHEND SAM D Martin,CPR,LUIZA,male
497,WUTE ELIKO Eugène,ABCE,MBANDAKA VILLE,male
498,YAMA NZALABAR Jolie,AA/a,IDIOFA,female
499,YAMBA KAZADI Gracia,AFDC-A,KANIAMA,female
500,YEMBA POYO Boniface,ADU,LUKUNGA,male
