minister,country,startdate,enddate,position
Abdoulaye Yerodia Ndombasi,DRC,1999-03-14,2000-11-20,Foreign Affairs and International Cooperation
Abdoulaye Yerodia Ndombasi,DRC,2000-11-20,2001-01-16,Education
Abdoulaye Yerodia Ndombasi,DRC,2003-07-30,2007-02-05,Vice-President
Acacia Bandubola Mbongo,DRC,2019-08-26,2019-12-31,Economy
Adolphe Lumanu Mulenda Bwana Nsefu,DRC,2007-11-26,2010-02-19,Relations with the Parliament
Adolphe Lumanu Mulenda Bwana Nsefu,DRC,2010-02-19,2011-09-11,Vice-Prime Minister and Minister of Interior and Security
Adolphe Lumanu Mulenda Bwana Nsefu,DRC,2011-09-11,2012-04-28,"Vice-Prime Minister and Minister of Interior, Security, Decentralization, and Regional Planning"
Adolphe Muzito,DRC,2007-02-05,2008-10-26,Budget
Adolphe Muzito,DRC,2008-10-26,2012-04-28,Prime Minister
Adolphe Onusumba Yemba,DRC,2005-01-03,2006-10-16,"Defence, Demobilisation and Veterans"
Adèle Degbalase Kanda,DRC,2015-09-25,2016-12-19,"Social Affairs, Humanitarian Action and National Solidarity"
Aggee Aje Matembo Toto,DRC,2019-08-26,2019-12-31,Physical Planning
Aime Sakombi Molendo,DRC,2019-08-26,2019-12-31,Lands
Aimé Boji,DRC,2016-12-19,2017-05-09,Foreign Trade
Aimé Ngoy Mukena,DRC,2014-12-09,2015-09-25,Defence and Veterans
Aimé Ngoy Mukena,DRC,2015-09-25,2019-01-23,Hydrocarbons
Aimé Ngoy Mukena,DRC,2019-08-26,2019-12-31,Defence and Veterans
Alexandre Luba Ntambo,DRC,2012-04-28,2014-12-09,Vice-Prime Minister and Minister of Defence and Veterans
Alexis Thambwe Mwamba,DRC,2003-07-30,2006-03-24,Planning
Alexis Thambwe Mwamba,DRC,2008-10-26,2012-04-28,Foreign Affairs
Alexis Thambwe Mwamba,DRC,2014-12-09,2016-12-19,Justice and Human Rights
Alexis Thambwe Mwamba,DRC,2016-12-19,2019-01-23,Justice
Ami Ambatombe Nyongolo,DRC,2016-12-19,2017-05-09,"Posts, Telecommunications and New Information and Communication Technologies"
Ami Ambatombe Nyongolo,DRC,2017-05-09,2019-01-23,Environment and Sustainable Development
Anastasie Moleka Moliva,DRC,2004-07-11,2005-01-03,Health
Andre Kabanda Kana,DRC,2019-08-26,2019-12-31,Minister without Portfolio
Andre Lite Asebea,DRC,2019-08-26,2019-12-31,Human Rights
André Moke Sanza,DRC,2016-12-19,2017-05-09,Tourism
André-Philippe Futa,DRC,2001-04-14,2002-11-17,"Agriculture, Fishing and Animal Husbandry"
André-Philippe Futa,DRC,2002-11-17,2003-07-30,Economy
André-Philippe Futa,DRC,2003-07-30,2003-10-05,Industry and Small and Medium Enterprises
André-Philippe Futa,DRC,2003-10-05,2005-11-18,Finance
André-Philippe Futa,DRC,2007-11-26,2010-02-19,Economy and Commerce
Anicet Kuzunda Mutangiji,DRC,2010-02-19,2012-04-28,Industry
Antoine Ghonda Mangalibi,DRC,2003-07-30,2004-07-22,Foreign Affairs and International Cooperation
Antoine Gizenga,DRC,2006-12-30,2008-10-26,Prime Minister
Arthur Zahidi Ngoma,DRC,2003-07-30,2007-02-05,Vice-President
Astrid Madiya,DRC,2017-05-09,2019-01-23,Culture and Arts
Athanase Matenda Kyelu,DRC,2004-07-11,2006-10-16,Civil Service
Athanase Matenda Kyelu,DRC,2007-02-05,2010-02-19,Finance
Atis Kabongo Kalonji,DRC,2016-12-19,2017-05-09,Environment and Sustainable Development
Auguste Mopipi Mukulumania,DRC,2008-10-26,2010-02-19,Health
Augustin Katumba Mwanke,DRC,2001-04-14,2002-11-17,Minister without Portfolio
Augustin Kibassa Maliba,DRC,2019-08-26,2019-12-31,"Posts, Telecommunications and New Information and Communications Technologies"
Augustin Matata Ponyo Mapon,DRC,2010-02-19,2012-04-28,Finance
Augustin Matata Ponyo Mapon,DRC,2012-04-28,2016-12-19,Prime Minister
Augustin Simanga,DRC,2006-10-16,2007-02-05,Energy
Azarias Ruberwa Manywa,DRC,2003-07-30,2007-02-05,Vice-President
Azarias Ruberwa Manywa,DRC,2016-12-19,2019-01-23,Decentralization and Institutional Reforms
Azarias Ruberwa Manywa,DRC,2019-08-26,2019-12-31,Decentralization and Institutional Reforms
Babi Mbayi,DRC,1999-03-14,2001-01-16,Energy
Badimani Bilembo Mulumba,DRC,1999-03-14,2000-06-22,Planning and Trade
Balamage Nkolo,DRC,2005-01-03,2006-10-16,Labour and Social Security
Balamage Nkolo,DRC,2006-10-16,2007-02-05,Parastatals
Bamboka Lobendi,DRC,2016-12-19,2017-05-09,Scientific Research
Barthélemy Botswali Lengomo,DRC,2008-10-26,2010-01-09,"Social Affairs, Humanitarian Affairs, and National Solidarity"
Baudouin Banza Mukalay Nsungu,DRC,2012-04-28,2014-12-09,"Youth, Sports, Culture and Arts"
Baudouin Banza Mukalay Nsungu,DRC,2014-12-09,2016-05-14,Culture and Arts
Bavon N'sa Mputu Elima,DRC,2012-04-28,2014-12-09,Environment and Tourism
Beatrice Lomeya Atilite,DRC,2019-08-26,2019-12-31,"Gender, Family, and Children"
Bemba Saolona,DRC,1999-03-14,2000-06-22,Economy and Industry
Benjamin Kaswama,DRC,2006-10-16,2007-02-05,Public Works and Infrastructure
Benjamin Mukulungu,DRC,2001-04-14,2003-07-30,Civil Service
Bernard Biando Sango,DRC,2010-02-19,2011-03-11,"Trade, Small and Medium Enterprises"
Bernard Biando Sango,DRC,2017-05-09,2019-01-23,Solidarity and Humanitarian Action
Bernard-Gustave Kabeji Penemagu,DRC,2003-07-30,2004-07-11,Civil Service
Bienvenu Liyota Ndjoli,DRC,2014-12-09,2015-09-25,Environment and Sustainable Development
Bienvenu Liyota Ndjoli,DRC,2017-05-09,2019-01-23,Small and Medium Enterprises
Bijou Mushitu Kat,DRC,2014-12-09,2015-01-29,"Gender, Family, and Children"
Bijou Mushitu Kat,DRC,2015-01-29,2015-09-25,"Gender, Family and Children, Social Affairs, Humanitarian Action and National Solidarity"
Bohongo Nkoyi,DRC,2014-12-09,2016-12-19,Small and Medium Enterprises
Bolengetenge Balela,DRC,2014-12-09,2015-09-25,Lands
Bruno Kapanji Kalala,DRC,2012-04-28,2014-12-09,Water Resources and Electricity
Bruno Tshibala Nzenze,DRC,2017-04-07,2019-01-23,Prime Minister
Catherine Nzuzi wa Mbombo,DRC,2003-07-30,2007-02-05,Solidarity and Humanitarian Affairs
Celestin Luangi,DRC,2000-09-02,2001-01-16,Civil Service
Celestin Mvunabali,DRC,2003-07-30,2004-07-11,Economy
Celestin Mvunabali,DRC,2004-07-11,2006-10-16,Parastatals
Celestin Tunda ya Kasende,DRC,2019-08-26,2019-12-31,Vice-Prime Minister and Minister of Justice
Cesar Lubamba Ngimbi,DRC,2010-02-19,2012-04-28,Urban Development and Housing
Chantal Ngalula Mulumba,DRC,2005-01-03,2007-02-05,Foreign Trade
Chantal Safu,DRC,2017-05-09,2019-01-23,"Gender, Family, and Children"
Charles Alulea Mengulwa,DRC,2011-09-11,2012-04-28,Rural Development
Charles Christphe Muzungu,DRC,2004-07-11,2005-11-18,Culture and Arts
Charles Mwando Nsimba,DRC,2007-02-05,2007-11-26,Rural Development
Charles Mwando Nsimba,DRC,2007-11-26,2008-10-26,Transport
Charles Mwando Nsimba,DRC,2008-10-26,2012-04-28,Defence and Veterans
Charles Nawej Mundele,DRC,2012-04-28,2014-12-09,"Social Affairs, Humanitarian Affairs, and National Solidarity"
Charlotte Twamba,DRC,2006-10-16,2007-02-05,Civil Service
Chelo Lotsima,DRC,2012-04-28,2014-12-09,"Higher Education, University, and Scientific Research"
Chikez Diemu,DRC,2007-02-05,2008-10-26,Defence and Veterans
Claude Nyamugabo Bazibuhe,DRC,2008-10-26,2010-02-19,Small and Medium Enterprises
Claude Nyamugabo Bazibuhe,DRC,2010-02-19,2012-04-28,Youth and Sports
Claude Nyamugabo Bazibuhe,DRC,2019-08-26,2019-12-31,Environment and Sustainable Development
Clement Kuete Nymi Bemuna,DRC,2019-08-26,2019-12-31,Parastatals
Clément Kanku Bukasa,DRC,2016-12-19,2017-05-09,Cooperation and Development
Constant Ndom Nda Ombel,DRC,2004-01-22,2005-11-18,Primary and Secondary Education and Professional Training
Constant Ndom Nda Ombel,DRC,2005-11-18,2006-10-16,Agriculture
Crispin Atama Tabe,DRC,2012-04-28,2015-09-25,Hydrocarbons
Crispin Atama Tabe,DRC,2015-09-25,2019-01-23,Defence and Veterans
Célestin Mbuyu Kabango,DRC,2008-10-26,2010-02-19,Interior and Security
Célestin Mbuyu Kabango,DRC,2010-02-19,2012-04-28,Hydrocarbons
Célestin Vunabandi Kanyamihigo,DRC,2012-04-28,2014-12-09,Planning and Implementation of the Modernisation Revolution
Dakahu Dino Wakale Minida,DRC,2001-04-14,2003-07-30,Transport
Daniel Madimba Kalonji,DRC,2014-12-09,2016-12-19,Scientific Research and Technology
Daniel Mukoko Samba,DRC,2012-04-28,2014-12-09,Vice-Prime Minister and Minister of Budget
David Jolino Makelele,DRC,2019-08-26,2019-12-31,Communications and Media
Denis Kalume Numbi,DRC,1999-03-14,2000-09-02,Reconstruction
Denis Kalume Numbi,DRC,2000-09-02,2001-01-16,Planning and Reconstruction
Denis Kalume Numbi,DRC,2001-04-14,2002-11-17,Planning and Reconstruction
Denis Kalume Numbi,DRC,2006-10-10,2008-10-26,"Interior, Decentralization and Security"
Denis Kambayi Tshimbumbu,DRC,2015-09-25,2016-12-19,Youth and Sports
Denis Mbuyu Manga,DRC,2007-05-28,2007-11-26,
Deogratias Nkusu Kunzi Bikawa,DRC,2019-08-26,2019-12-31,Relations with the Parliament
Didace Pembe Bokiaga,DRC,2007-02-05,2007-11-26,Environment
Didier Mazengu Mukanzu,DRC,2019-08-26,2019-12-31,Transport
Didier Mumengi,DRC,1999-03-14,2000-09-02,Information and Tourism
Didier Mumengi,DRC,2000-09-02,2001-01-16,Youth and Sports
Dieudonne´ Upira Sunguma Kagimbi,DRC,2010-02-19,2012-04-28,Civil Service
Dominique Sakombi Inongo,DRC,2000-09-02,2001-01-16,Information
Edouard Kabukapwa Bitanga,DRC,2007-11-26,2008-10-26,Lands
Elias Kakule Mbahingana,DRC,2007-02-05,2007-11-26,Tourism
Elias Mulungula,DRC,2006-10-16,2007-02-05,Environment
Elvis Mutiri wa Bashala,DRC,2014-12-09,2016-12-19,Tourism
Elysee Munembwe Tamukumwe,DRC,2003-07-30,2004-01-22,Primary Education
Elysee Munembwe Tamukumwe,DRC,2019-08-26,2019-12-31,Vice-Prime Minister and Minister of Planning
Emery Okundji,DRC,2017-05-09,2019-01-23,"Posts, Telecommunications and New Information and Communication Technologies"
Emile Bongeli Yekolo,DRC,2005-01-03,2006-10-10,Health
Emile Bongeli Yekolo,DRC,2007-11-26,2008-10-26,Communications and Media
Emile Bongeli Yekolo,DRC,2008-10-26,2010-02-19,Vice-Prime Minister
Emile Mota Ndongo Kang,DRC,2015-09-25,2016-12-19,"Agriculture, Fishing and Livestock"
Emile Ngoy Kasongo,DRC,2003-07-30,2004-07-11,Higher Education
Emile Ngoy Kasongo,DRC,2004-07-11,2005-01-03,Economy
Emmanuel Ilunga Ngoy Kasongo,DRC,2017-05-09,2019-01-23,Congolese Abroad
Emmanuel Ramazani Shadary,DRC,2016-12-19,2018-02-21,Vice-Prime Minister and Minister of Interior and Security
Enselme Emerunga,DRC,2003-07-30,2006-10-16,Environment
Eraston Kambale Tsongo,DRC,2019-08-26,2019-12-31,Youth and Citizenship
Esdras Kambale Baekwa,DRC,2007-11-26,2010-02-19,Culture and Arts
Eteni Longondo,DRC,2019-08-26,2019-12-31,Health
Etienne Kikanga Shima Musebo,DRC,1999-03-14,2000-11-20,Agriculture and Animal Husbandry
Etienne Kikanga Shima Musebo,DRC,2000-11-20,2001-01-16,Agriculture
Eugene Diomi Dongala,DRC,2003-07-30,2005-01-03,Mines
Eugène Lokwa Ilwaloma,DRC,2007-02-05,2007-11-26,Human Rights
Eugène Serufuli Ngayabaseka,DRC,2014-12-09,2016-12-19,Rural Development
Eugène Serufuli Ngayabaseka,DRC,2016-12-19,2017-05-09,Small and Medium Enterprises
Eugène Serufuli Ngayabaseka,DRC,2017-05-09,2019-01-23,Social Affairs
Eustache Muhanzi Mubembe,DRC,2019-08-26,2019-12-31,Water Resources and Electricity
Evariste Heva Muakasa,DRC,2005-01-03,2007-02-05,Transport and Communications
Evariste Heva Muakasa,DRC,2017-05-09,2019-01-23,Scientific Research
Faida Mwangila,DRC,2003-07-30,2007-02-05,Family and Women Affairs
Ferdinand Kambere Kalumbi,DRC,2008-10-26,2010-02-19,Labour and Social Security
Ferdinand Kambere Kalumbi,DRC,2010-02-19,2012-04-28,"Social Affairs, Humanitarian Affairs, and National Solidarity"
Ferdinand Mawapanga Mwanda Nanga,DRC,1999-03-14,2000-11-20,Finance
Ferdinand Mawapanga Mwanda Nanga,DRC,2000-11-20,2001-01-16,Fishing and Animal Husbandry
Fidèle Ntingu Bayi,DRC,2016-12-19,2017-05-09,Minister without Portfolio
Floribert Bokanga,DRC,2005-01-03,2005-11-18,Economy
Franck Mwe di Malila,DRC,2017-05-09,2019-01-23,Tourism
Francois Muamba Tshishimbi,DRC,2003-07-30,2006-10-16,Budget
François-Joseph Mobutu Nzanga Ngbangawe,DRC,2007-02-05,2007-11-26,Agriculture
François-Joseph Mobutu Nzanga Ngbangawe,DRC,2007-11-26,2008-10-26,Agriculture and Rural Development
François-Joseph Mobutu Nzanga Ngbangawe,DRC,2008-10-26,2010-02-19,Vice-Prime Minister
François-Joseph Mobutu Nzanga Ngbangawe,DRC,2010-02-19,2011-03-11,Vice-Prime Minister and Minister of Labour and Social Security
Fridolin Kasweshi Musoka,DRC,2010-02-19,2012-04-28,"Infrastructure, Public Works, and Reconstruction"
Fridolin Kasweshi Musoka,DRC,2012-04-28,2014-12-09,"Spatial Planning, Town Planning, Housing, Infrastructures, Public Works and Reconstruction"
Fridolin Kasweshi Musoka,DRC,2014-12-09,2016-12-19,Infrastructures and Public Works
Frédéric Kibassa Maliba,DRC,1998-01-03,2000-06-22,Mines
Félix Kabange Numbi Mukwampa,DRC,2012-04-28,2016-12-19,Health
Félix Kabange Numbi Mukwampa,DRC,2016-12-19,2017-05-09,Lands
Félix Kabange Numbi Mukwampa,DRC,2017-05-09,2019-01-23,Regional Planning
Gaston Musemena,DRC,2016-12-19,2019-01-23,"Primary and Secondary Education, and Professional Education"
Generose Lushiku Muya,DRC,2008-10-26,2010-02-19,Urban Development and Housing
Geneviève Inagosi,DRC,2012-04-28,2014-12-09,"Gender, Family, and Children"
George Buse Talai,DRC,2001-04-14,2003-07-30,Energy
Georges Kazadi Kabongo,DRC,2017-05-09,2019-01-23,Agriculture
Georges Minsay Booka,DRC,2007-02-05,2007-11-26,Justice
Georges Wembi Loambo,DRC,2015-09-25,2016-12-19,Planning and Implementation of the Modernisation Revolution
Gerard Kamanda wa Kamanda,DRC,2003-07-30,2007-02-05,Scientific Research
Germain Kambinga,DRC,2014-12-09,2016-12-19,Industry
Gertrude Kitembo,DRC,2003-07-30,2007-02-05,Posts and Telecommunications
Gilbert Kankonde Malamba,DRC,2019-08-26,2019-12-31,"Vice-Prime Minister and Minister of Interior, Security, and Customary Affairs"
Gilbert Tshiongo Tshibinkubula wa Tumba,DRC,2010-02-19,2012-04-28,Energy
Godefroid Mayobo Mpwene Ngantien,DRC,2007-02-05,2008-10-26,Minister without Portfolio
Gregoire Bakandeja,DRC,2000-09-02,2001-01-16,"Economy, Commerce and Industry"
Gustave Boloko Nkeli,DRC,2015-09-25,2016-12-19,Lands
Guy Mikulu Pombo,DRC,2016-12-19,2017-05-09,"Vocational training, Trades and Crafts"
Guy Mikulu Pombo,DRC,2017-05-09,2019-01-23,Customary Affairs
Guy Mikulu Pombo,DRC,2019-08-26,2019-12-31,Rural Development
Gäestan Kakudji,DRC,1998-01-03,2001-01-16,Interior
Gérard Tumba,DRC,2006-10-16,2007-02-05,Planning
Helen Mateibo,DRC,2001-04-14,2003-07-30,"Industry, Commerce and Small and Medium Enterprises"
Henri Mova Sakanyi,DRC,2000-09-02,2000-11-20,Transport and Communications
Henri Mova Sakanyi,DRC,2000-11-20,2001-01-16,Environment and Tourism Development
Henri Mova Sakanyi,DRC,2004-07-11,2007-02-05,Information and Press
Henri Mova Sakanyi,DRC,2018-02-21,2019-01-23,Vice-Prime Minister and Minister of Interior and Security
Henri Yav Mulang,DRC,2014-12-09,2019-01-23,Finance
Hubert Efole Wa Mbomba,DRC,2006-03-24,2006-10-16,Economy
Hubert Efole Wa Mbomba,DRC,2006-10-16,2007-02-05,Labour and Social Security
Ignace Gata Mavinga,DRC,2007-02-05,2007-11-26,Regional Integration
Ingele Ifoto,DRC,2003-07-30,2005-01-03,Social Affairs
Ingele Ifoto,DRC,2005-01-03,2006-10-16,Mines
Ingele Ifoto,DRC,2017-05-09,2019-01-23,Energy and Water Resources
Irung Awan,DRC,2001-04-14,2003-07-30,Defence
Isidore Kabwe Mwehu,DRC,2014-12-09,2015-09-25,"Agriculture, Fishing and Livestock"
Isumbisho Mwapu,DRC,2015-09-25,2016-12-19,Civil Service
Jacques Lungwana,DRC,2005-11-18,2006-10-16,Youth and Sports
Jaqueline Penge Sanganyoi,DRC,2019-08-26,2019-12-31,Minister without Portfolio
Jean Amisi Kalondaya,DRC,2000-11-20,2001-01-16,Finance
Jean Chrisostome Vahamwiti Mukesyayira,DRC,2012-04-28,2014-12-09,Agriculture and Rural Development
Jean François Ekofo Panzoko,DRC,2007-02-05,2007-11-26,Small and Medium Enterprises
Jean Joseph Kasonga Mukuta,DRC,2019-08-26,2019-12-31,Agriculture
Jean Marie Lukundji Kikuni,DRC,2019-08-26,2019-12-31,Culture and Arts
Jean Mbuyu Lunyongola,DRC,2003-10-05,2005-11-18,Industry and Small and Medium Enterprises
Jean Nengbangba Tshibanga,DRC,2014-12-09,2016-12-19,Technical and Professional Education
Jean-Baptiste Ntahwa Kuderwa Batumike,DRC,2010-02-19,2012-04-28,Budget
Jean-Baudoin Mayo Mambeke,DRC,2019-08-26,2019-12-31,Vice-Prime Minister and Minister of Budget
Jean-Claude Kibala,DRC,2012-04-28,2015-09-25,Civil Service
Jean-Claude Molipe,DRC,2006-10-16,2007-02-05,Budget
Jean-Claude Muyambo Kyassa,DRC,2007-02-05,2007-11-26,Humanitarian Affairs
Jean-Claude Muyambo Kyassa,DRC,2007-11-26,2008-10-26,"Social Affairs, Humanitarian Affairs, and National Solidarity"
Jean-Lucien Bussa Tongba,DRC,2016-12-19,2017-05-09,Planning
Jean-Lucien Bussa Tongba,DRC,2017-05-09,2019-01-23,Foreign Trade
Jean-Lucien Bussa Tongba,DRC,2019-08-26,2019-12-31,Foreign Trade
Jean-Marie Bulambo Kilosho,DRC,2010-02-19,2011-09-11,Economy
Jean-Marie Bulambo Kilosho,DRC,2011-09-11,2012-04-28,Small and Medium Enterprises
Jean-Marie Bulambo Kilosho,DRC,2016-12-19,2017-05-09,Fishing and Livestock
Jean-Marie Ntantu Mey,DRC,2000-11-20,2001-01-16,Transport and Communications
Jean-Paul Nemoyato Begepole,DRC,2012-04-28,2014-12-09,Economy and Commerce
Jean-Pierre Bemba,DRC,2003-07-30,2007-02-05,Vice-President
Jean-Pierre Bokole Ompoka,DRC,2010-02-19,2012-04-28,Scientific Research
Jean-Pierre Daruwezi Mokombe,DRC,2011-09-11,2012-04-28,Economy
Jean-Pierre Lisanga Bonganga,DRC,2017-05-09,2019-01-23,Relations with the Parliament
Jean-Pierre Lola Kisanga,DRC,2004-07-11,2005-01-03,Labour and Social Security
Jean-Pierre Ondekane,DRC,2003-07-30,2005-01-03,"Defence, Demobilisation and Veterans"
Jeanne Ebamba Boboto,DRC,2000-09-02,2001-01-16,Social Affairs
Jeanne Ebamba Boboto,DRC,2001-04-14,2003-07-30,Social Affairs
Jeannette Kavira Mapera,DRC,2010-02-19,2012-04-28,Culture and Arts
Jeannine Mabunda Lioko Mudiayi,DRC,2007-02-05,2012-04-28,Parastatals
Jeannot Matadi Nenga Ngamanda,DRC,2014-12-09,2016-12-19,Energy and Water Resources
John Kwet Mwan Kwet,DRC,2017-05-09,2019-01-23,Cooperation and Development
John Ntumba Panumpakole,DRC,2019-08-26,2019-12-31,"Vocational Training, Arts, and Crafts"
John Tibasima,DRC,2003-07-30,2007-02-05,Urban Development
Jonathan Bialosuka Wata,DRC,2019-08-26,2019-12-31,Fishing and Livestock
Jose Endundu Bonongo,DRC,2003-07-30,2005-01-03,Public Works and Infrastructure
Jose Endundu Bonongo,DRC,2007-11-26,2008-10-26,Environment and Tourism
Jose Endundu Bonongo,DRC,2008-10-26,2010-02-19,Environment
Jose Endundu Bonongo,DRC,2010-02-19,2012-04-28,Environment and Tourism
Jose Engbanda,DRC,2004-01-22,2007-02-05,Tourism
Jose Mpanda Kabangu,DRC,2019-08-26,2019-12-31,Scientific Research and Technical Innovation
Jose Sele Yalaghuli,DRC,2019-08-26,2019-12-31,Finance
Joseph Kapika,DRC,2017-05-09,2019-01-23,Economy
Joseph Kokonyangi,DRC,2016-12-19,2019-01-23,Urban Planning and Housing
Joseph Martin Kitumba Gagedi Gasagisa Mwanza,DRC,2011-09-11,2012-04-28,Transport
Joseph Mudumbi,DRC,2003-07-30,2004-07-11,Parastatals
Joseph Mudumbi,DRC,2004-07-11,2005-01-03,Higher Education and University
Joseph Olenghankoy,DRC,2003-07-30,2005-01-03,Transport
Joseph Utitiyo Apata,DRC,2008-10-26,2010-02-19,Scientific Research
José Makila Sumanda,DRC,2005-02-17,2006-10-16,Public Works and Infrastructure
José Makila Sumanda,DRC,2016-12-19,2019-01-23,Vice-Prime Minister and Minister of Transport
Julien Paluku Kahongy,DRC,2019-08-26,2019-12-31,Industry
Julienne Lumumba,DRC,1998-06-01,2001-01-16,Culture and Arts
Justin Bitakwira,DRC,2016-12-19,2017-05-09,Relations with the Parliament
Justin Bitakwira,DRC,2017-05-09,2019-01-23,Human Rights
Justin Kalumba Mwana Ngongo,DRC,2011-09-11,2012-04-28,Trade
Justin Kalumba Mwana Ngongo,DRC,2012-04-28,2016-12-19,Transport
Justin Kalumba Mwana Ngongo,DRC,2019-08-26,2019-12-31,Small and Medium Enterprises
Justin Kangundu,DRC,2003-07-30,2004-01-22,Agriculture
Kakez Ekir Kaz'Azama,DRC,2000-11-20,2001-01-16,Human Rights
Kalema Lusona,DRC,2003-07-30,2005-01-03,Energy
Kamara wa Kahikara,DRC,1997-05-23,2000-11-20,Education
Kasongo Ilunga,DRC,2007-02-05,2007-05-28,Foreign Trade
Kikaya bin Karubi,DRC,2001-04-14,2003-07-30,Communications and Press
Kisimba Ngoy,DRC,2003-07-30,2006-10-16,Justice
Kisimba Ngoy,DRC,2008-10-26,2012-04-28,Lands
Kudianga Bayokisa,DRC,2014-12-09,2016-12-19,Commerce
Kutumisa Tshioka,DRC,2001-04-14,2003-07-30,Education
Kyamusoke Bamusulanga Nta-Bote,DRC,2007-02-05,2007-11-26,Posts and Telecommunications
Lambert Matuku,DRC,2016-12-19,2019-01-23,"Employment, Work and Social Security"
Lambert Mende Omalanga,DRC,2007-02-05,2008-10-26,Hydrocarbons
Lambert Mende Omalanga,DRC,2008-10-26,2012-04-28,Communications and Media
Lambert Mende Omalanga,DRC,2012-04-28,2014-12-09,"Media, in charge of Relations with Parliament and Initiation to the new citizenship"
Lambert Mende Omalanga,DRC,2014-12-09,2019-01-23,Communications and Media
Laure-Marie Kawanda Kayena,DRC,2010-02-19,2011-05-03,Transport
Laurent Muzangisa,DRC,2008-10-26,2010-02-19,Energy
Laurent-Simon Ikenge Lisambola,DRC,2007-02-05,2007-11-26,Urban Development and Housing
Laurent-Simon Ikenge Lisambola,DRC,2007-11-26,2008-10-26,Civil Service
Liliane Mpande Mwaba,DRC,2007-02-05,2007-11-26,Lands
Louis Alphonse Koyagialo Ngbasete Gerengbo,DRC,2011-09-11,2012-04-28,Vice-Prime Minister and Minister of Posts and Telecommunications
Louise Munga Mesozi,DRC,2007-11-26,2010-02-19,Posts and Telecommunications
Louise Munga Mesozi,DRC,2012-04-28,2016-12-19,Parastatals
Lucie Kipele Aki Azwa,DRC,2015-09-25,2016-12-19,"Gender, Family, and Children"
Lumeya Dhu-Maleghi,DRC,2017-05-09,2019-01-23,Lands
Luzolo Mbambi Ntesa,DRC,2008-10-26,2010-02-19,Justice
Luzolo Mbambi Ntesa,DRC,2010-02-19,2012-04-28,Justice and Human Rights
Lèonard She Okitundu,DRC,1998-06-01,2000-11-20,Human Rights
Lèonard She Okitundu,DRC,2000-11-20,2001-01-16,Foreign Affairs and International Cooperation
Lèonard She Okitundu,DRC,2001-04-14,2003-07-30,Foreign Affairs and International Cooperation
Lèonard She Okitundu,DRC,2016-12-19,2019-01-23,Vice-Prime Minister and Minister of Foreign Affairs and Regional Integration
Léonard Mashako Mamba,DRC,1999-03-14,2001-01-16,Health
Léonard Mashako Mamba,DRC,2001-04-14,2003-07-30,Health
Léonard Mashako Mamba,DRC,2008-10-26,2012-04-28,Higher Education and University
Léonard Masuga Rugamika,DRC,2007-11-26,2008-10-26,"Higher Education, University, and Scientific Research"
Maguy Kiala Bolenga,DRC,2016-12-19,2019-01-23,Youth and and Initiation to Citizenship
Maker Mwangu Famba,DRC,2007-02-05,2014-12-09,Primary and Secondary Education and Professional Training
Maker Mwangu Famba,DRC,2014-12-09,2016-12-19,Primary and Secondary Education and Initiation to Citizenship
Marcel Amos Mbayo Kitenge,DRC,2019-08-26,2019-12-31,Sports and Leisure
Marcel Ilunga Leu,DRC,2016-12-19,2019-01-23,Industry
Marcel Malenso Ndodila,DRC,2007-02-05,2007-11-26,Culture and Arts
Marco Banguli N’sambwe Mbali,DRC,2005-11-18,2007-02-05,Finance
Marie Tumba Nzeza,DRC,2019-08-26,2019-12-31,Foreign Affairs
Marie-Ange Lukiana Mufwankol,DRC,2001-04-14,2003-07-30,Labour and Social Security
Marie-Ange Lukiana Mufwankol,DRC,2007-02-05,2008-10-26,Labour and Social Security
Marie-Ange Lukiana Mufwankol,DRC,2008-10-26,2012-04-28,Women Affairs
Marie-Ange Mushobekwa,DRC,2016-12-19,2019-01-23,Human Rights
Marie-Louise Mwange,DRC,2016-12-19,2017-05-09,"Gender, Family, and Children"
Marie-Madeleine Kalala,DRC,2003-07-30,2007-02-05,Human Rights
Marthe Ngalula Wakuana,DRC,2001-04-14,2003-07-30,Culture and Arts
Martin Bitijula Mahimba,DRC,2007-02-05,2007-11-26,Social Affairs and National Solidarity
Martin Kabwelulu Labilo,DRC,2007-02-05,2019-01-23,Mines
Martine Ntumba Bukasa,DRC,2016-12-19,2017-05-09,Rural Development
Mathieu Kalele Kabila,DRC,2006-10-16,2007-02-05,Mines
Matthieu Mpika,DRC,2008-10-26,2010-02-19,Transport
Matungulu Nguyamu,DRC,2001-04-14,2002-11-17,"Economy, Finance and Budget"
Matungulu Nguyamu,DRC,2002-11-17,2003-07-30,Finance and Budget
Mbusa Nyamwisi,DRC,2003-07-30,2007-02-05,Regional Cooperation
Mbusa Nyamwisi,DRC,2007-02-05,2008-10-26,Foreign Affairs and International Cooperation
Mbusa Nyamwisi,DRC,2008-10-26,2011-09-11,Decentralization and Regional Planning
Michel Bongongo Ikoli Ndombo,DRC,2014-12-09,2016-12-19,Budget
Michel Bongongo Ikoli Ndombo,DRC,2016-12-19,2019-01-23,Civil Service
Michel Botoro,DRC,2008-10-26,2010-02-19,Civil Service
Michel Lokola Elemba,DRC,2008-10-26,2010-02-19,Budget
Mira Ndjoko,DRC,2001-04-14,2002-11-17,Interior
Modeste Bahati Lukwebo,DRC,2012-04-28,2014-12-09,"Employment, Work and Social Security"
Modeste Bahati Lukwebo,DRC,2014-12-09,2017-05-09,Economy
Modeste Bahati Lukwebo,DRC,2017-05-09,2019-01-23,Planning
Modeste Mutombo Kyamakosa,DRC,2003-07-30,2003-10-05,Finance
Moleko Moliwa,DRC,1999-03-14,2000-09-02,Social Affairs
Moïse Nyarugabo Muhizi Mugeyo,DRC,2006-10-10,2007-02-05,Economy
Mukendi Tshambula,DRC,2005-11-18,2006-10-16,Industry and Small and Medium Enterprises
Mwenze Kongolo,DRC,1998-01-03,2001-01-16,Justice
Mwenze Kongolo,DRC,2001-04-14,2002-11-17,National Security and Public Order
Nene Nkulu Ilunga,DRC,2019-08-26,2019-12-31,"Labour, Employment and Social Security"
Ngele Masudi,DRC,2001-04-14,2003-07-30,Justice
Nionyi Bwana Kawa,DRC,2006-10-16,2007-02-05,Primary and Secondary Education and Professional Training
Nkodi Mbaki,DRC,2001-04-14,2003-07-30,"Public Works, Territorial Administration, Housing and Urban Development"
Nkulu Mitumba Kilombo,DRC,2007-02-05,2008-10-26,Minister without Portfolio
Norbert Basengezi Katitima,DRC,2008-10-26,2012-04-28,Agriculture
Norbert Likulia Bolongo,DRC,2000-09-02,2001-01-16,Enterprises
Ntumba Luaba,DRC,2001-04-14,2003-07-30,Human Rights
Odelive Meta Mutombo Mudiay,DRC,2000-09-02,2001-01-16,Regional Cooperation
Odette Babandoya Etowa,DRC,1999-03-14,2000-09-02,Transport and Communications
Olivier Kamitatu Etsu,DRC,2007-02-05,2012-04-28,Planning
Olivier Kamitatu Etsu,DRC,2014-12-09,2015-09-25,Planning and Implementation of the Modernisation Revolution
Oly Ilunga Kalenga,DRC,2016-12-19,2019-01-23,Health
Omer Engwake,DRC,2003-07-30,2005-02-17,Youth and Sports
Omer Engwake,DRC,2014-12-09,2016-12-19,"Spatial planning, Town planning and Housing"
Paluku Kisaka Yereyere,DRC,2016-12-19,2017-05-09,"Social Affairs, Humanitarian Action and National Solidarity"
Paluku Kisaka Yereyere,DRC,2017-05-09,2019-01-23,Fishing and Livestock
Papy Niango,DRC,2017-05-09,2019-01-23,Sports
Pardone Kaliba Mulanga,DRC,2003-07-30,2006-10-16,Rural Development
Pardone Kaliba Mulanga,DRC,2007-02-05,2007-11-26,Youth and Sports
Patrice Kitebi Kibol Mvul,DRC,2012-04-28,2014-12-09,Finance
Patrick Mayombe Mumbioko,DRC,2016-12-19,2017-05-09,Agriculture
Patrick Sulubika,DRC,2008-10-26,2010-02-19,Youth and Sports
Paul Musafiri,DRC,2005-02-17,2005-11-18,Agriculture
Paul Musafiri,DRC,2005-11-18,2006-10-16,Primary and Secondary Education and Professional Training
Paul-Gabriel Kapita Shabangi,DRC,1999-03-14,2000-09-02,"Civil Service, Labour and Social Security"
Pepin Guillaume Manjolo Buakila,DRC,2019-08-26,2019-12-31,"International Cooperation, Regional Integration and Francophonie"
Philemon Mukendi,DRC,2005-11-18,2007-02-05,Culture and Arts
Philippe Kohotama Mawuoko,DRC,2001-04-14,2003-07-30,Posts and Telecommunications
Philippe Undji Yangya,DRC,2010-02-19,2011-09-11,Rural Development
Philomène Omatuku,DRC,2006-10-16,2007-02-05,Industry and Small and Medium Enterprises
Philomène Omatuku Atshakawo Akatshi,DRC,2007-02-05,2008-10-26,Women Affairs
Pierre Anatole Matusila,DRC,2016-12-19,2017-05-09,Energy and Water Resources
Pierre Ilunga Bindu wa Biluba,DRC,2006-10-16,2007-02-05,Justice
Pierre Kangudia Mbayi,DRC,2016-12-19,2019-01-23,Budget
Pierre Lumbi Okongo,DRC,2007-02-05,2010-02-19,"Infrastructure, Public Works, and Reconstruction"
Pierre Manoka,DRC,2005-11-18,2006-03-24,Economy
Pierre Muzumba Mwana Ombe,DRC,2005-01-03,2005-11-18,Energy
Pierre-Victor Mpoyo,DRC,1999-03-14,2000-11-20,Oil
Pierre-Victor Mpoyo,DRC,2000-11-20,2001-01-16,Minister without Portfolio
Pierrette Gene Vungbo Yatalo,DRC,2003-09-06,2004-07-11,Culture
Pierrot Uweka Ukaba,DRC,2017-05-09,2019-01-23,"Vocational training, Trades and Crafts"
Pius Mwabilu Mabyu,DRC,2019-08-26,2019-12-31,Urban Affairs and Housing
Prosper Kibue Molambo,DRC,1999-03-14,2000-11-20,Posts and Telecommunications
Prosper Kibue Molambo,DRC,2000-11-20,2001-01-16,Public Works
Raymond Ramazani Baya,DRC,2004-07-22,2007-02-05,Foreign Affairs and International Cooperation
Raymond Tshibanda N’tunga Mulongo,DRC,2008-10-26,2012-04-28,International and Regional Cooperation
Raymond Tshibanda N’tunga Mulongo,DRC,2012-04-28,2016-12-19,"Foreign Affairs, International Cooperation and Francophonie"
Remy Henri Kuseyo Gatanga,DRC,2007-02-05,2007-10-05,Transport and Communications
Remy Musungayi Bampale,DRC,2012-04-28,2014-12-09,"Industry, Small and Medium Enterprises"
René Isekemanga Nkeka,DRC,2008-10-26,2010-02-19,Hydrocarbons
Richard Muyej Mangenz,DRC,2010-02-19,2012-04-28,Relations with the Parliament
Richard Muyej Mangenz,DRC,2012-04-28,2014-12-09,"Interior, Security, Decentralization and Customary Affairs"
Robert Bopolo Bogeza,DRC,2015-09-25,2016-12-19,Environment and Sustainable Development
Robert Mbwinga Bila,DRC,2012-04-28,2014-12-09,Lands
Roger Lumbala,DRC,2003-07-30,2005-01-03,Foreign Trade
Roger Nimy,DRC,2003-07-30,2004-01-22,Tourism
Roger Nimy,DRC,2005-02-17,2005-11-18,Youth and Sports
Romain Nimy Tembo,DRC,2006-10-16,2007-02-05,Agriculture
Rose Boyata Monkaju,DRC,2019-08-26,2019-12-31,Social Affairs
Rubens Mikindo Muhima,DRC,2019-08-26,2019-12-31,Hydrocarbons
Safi Adili,DRC,2008-10-26,2010-02-19,Rural Development
Salomon Banamuhere Baliene,DRC,2001-04-14,2003-07-30,"Land Affairs, Environment and Tourism"
Salomon Banamuhere Baliene,DRC,2005-11-18,2006-10-16,Energy
Salomon Banamuhere Baliene,DRC,2007-02-05,2008-10-26,Energy
Salomon Banamuhere Baliene,DRC,2014-12-09,2016-12-19,Decentralization and Customary Affairs
Sama Lukonde Kyenge,DRC,2014-12-09,2015-09-25,Youth and Sports
Samy Badibanga,DRC,2016-12-19,2017-04-06,Prime Minister
Sessanga Hipung Dja Kaseng,DRC,2006-03-24,2006-10-16,Planning
Simon Bawangamio Tumawako,DRC,2001-04-14,2003-07-30,Mines and Hydrocarbons
Simon Bulupiy Galati,DRC,2010-02-19,2011-09-11,Vice-Prime Minister and Minister of Posts and Telecommunications
Simon Bulupiy Galati,DRC,2011-09-11,2012-04-28,Labour
Simon Mboso Kiamputu,DRC,2007-02-05,2007-11-26,Industry
Simon Mboso Kiamputu,DRC,2007-11-26,2008-10-26,Industry and Small and Medium Enterprises
Simon Mboso Kiamputu,DRC,2008-10-26,2010-02-19,Industry
Steve Mbikayi Mabuluki,DRC,2016-12-19,2019-01-23,Higher Education and University
Steve Mbikayi Mabuluki,DRC,2019-08-26,2019-12-31,Humanitarian Action and National Solidarity
Sylvain Joël Bifuila Tshamuala,DRC,2007-02-05,2007-11-26,Economy
Sylvain Maurice Masheke,DRC,2016-12-19,2017-05-09,Culture and Arts
Sylvain Ngabu Chumbu,DRC,2007-02-05,2007-11-26,Higher Education and University
Sylvain Ngabu Chumbu,DRC,2007-11-26,2008-10-26,Urban Development and Housing
Sylvanus Mushi Bonane,DRC,2007-02-05,2007-07-13,Scientific Research
Sylvestre Ilunga Ilunkamba,DRC,2019-08-26,2019-12-31,Prime Minister
Symphorien Mutombo Bakafwa Nsenda,DRC,2007-11-26,2008-10-26,Justice and Human Rights
Symphorien Mutombo Bakafwa Nsenda,DRC,2008-10-26,2010-02-19,Vice-Prime Minister
Tharcisse Habarugira,DRC,2006-10-16,2007-02-05,"Defence, Demobilisation and Veterans"
Theo Baruti,DRC,2003-07-30,2004-07-11,Labour and Social Security
Theo Baruti,DRC,2005-11-18,2007-02-05,Higher Education and University
Thomas Luhaka Losenjola,DRC,2014-12-09,2016-12-19,"Vice-Prime Minister and Minister of Posts, Telecommunications and New Information and Communication Technologies"
Thomas Luhaka Losenjola,DRC,2016-12-19,2019-01-23,"Infrastructure, Public Works, and Reconstruction"
Thomas Luhaka Losenjola,DRC,2019-08-26,2019-12-31,Higher Education and University
Théophile Mbemba Fundu,DRC,2002-11-17,2003-07-30,Interior
Théophile Mbemba Fundu,DRC,2003-07-30,2006-10-10,"Interior, Decentralization and Security"
Théophile Mbemba Fundu,DRC,2014-12-09,2016-12-19,Higher Education and University
Timothèe Moleka Nzulama,DRC,2001-04-14,2003-07-30,Youth and Sports
Timothée Mukeba,DRC,2006-10-16,2007-02-05,Youth and Sports
Toussaint Tshilombo Send,DRC,2007-02-05,2007-11-26,"Information, Press, and National Communications"
Tryphon Kin-Kiey Mulumba,DRC,2012-04-28,2014-12-09,"Posts, Telecommunications and New Information and Communication Technologies"
Tryphon Kin-Kiey Mulumba,DRC,2014-12-09,2016-12-19,Relations with the Parliament
Tshibangu Kalala,DRC,2017-05-09,2019-01-23,Minister without Portfolio
Tshubaka Bisikuabo,DRC,1999-03-14,2000-09-02,"Lands, Environment, Fishing and Forest Resources"
Tshubaka Bisikuabo,DRC,2000-09-02,2000-11-20,"Housing, Environment and Tourism"
Tshubaka Bisikuabo,DRC,2000-11-20,2001-01-16,Oil
Upio Kakura Wapol,DRC,2008-10-26,2010-02-19,Human Rights
Valentin Senga,DRC,2004-01-22,2005-02-17,Agriculture
Venant Tshipasa,DRC,2003-07-30,2007-02-05,Lands
Venant Tshipasa,DRC,2016-12-19,2017-05-09,Customary Affairs
Victor Makwenge Kaput,DRC,2007-02-05,2008-10-26,Health
Victor Makwenge Kaput,DRC,2010-02-19,2012-04-28,Health
Vital Kamerhe,DRC,2003-07-30,2004-07-11,Information and Press
Willy Bakonga,DRC,2007-11-26,2008-10-26,Youth and Sports
Willy Bakonga,DRC,2016-12-19,2017-05-09,Sports
Willy Bakonga,DRC,2019-08-26,2019-12-31,"Primary, Secondary, and Technical Education"
Willy Kitobo Samsoni,DRC,2019-08-26,2019-12-31,Mines
Willy Makiashi,DRC,2014-12-09,2016-12-19,"Vice-Prime Minister and Minister of Employment, Work and Social Security"
Willy Ngoopos Sunzhel,DRC,2019-08-26,2019-12-31,Vice-Prime Minister and Minister of Infrastructure and Public Works
Wivine Mumba Matipa,DRC,2012-04-28,2014-12-09,Justice and Human Rights
Wivine Mumba Matipa,DRC,2016-12-19,2019-01-23,Parastatals
Xavier Idi Muanuke,DRC,2006-10-16,2007-02-05,Rural Development
Yagi Sitolo,DRC,1999-03-14,2000-11-20,Public Works
Yagi Sitolo,DRC,2000-11-20,2001-01-16,Posts and Telecommunications
Yagi Sitolo,DRC,2003-07-30,2004-07-11,Health
Yollande Ebongo Bosongo,DRC,2019-08-26,2019-12-31,Civil Service
Yves Bonkulu Zola,DRC,2019-08-26,2019-12-31,Tourism
Zacharie Kashongwe,DRC,2006-10-10,2007-02-05,Health
Zéphyrin Mutu Diambu-di-Lusala Nieva,DRC,2007-02-05,2007-11-26,Civil Service
Évariste Boshab Mabudj-ma-Bilenge,DRC,2014-12-09,2016-12-19,Vice-Prime Minister and Minister of Interior and Security
