id,itemLabel,areaLabel,partyLabel
1,ADIA LETI MAWA BAUDOUIN,ORIENTALE,P.P.R.D
2,ADUBANGO ALI EMMANUEL,ORIENTALE,P.P.R.D
3,ALEKU KITIKA CYPRIEN,ORIENTALE,P.P.R.D
4,ANGALIKIANA KALUMBULA,ORIENTALE,P.P.R.D
5,AVONGI SANDRION YELE MARIE,ORIENTALE,P.P.R.D
6,BAKUNGU MYTHONDEKE D.J,NORD-KIVU,P.P.R.D
7,BALUME TUSSI VALENTIN,NORD-KIVU,P.P.R.D
8,BANZE BWANA KASONGO,KATANGA,P.P.R.D
9,BASHOMBERWA LALIA MARTHE,SUD-KIVU,P.P.R.D
10,BEYA WA KABEMBA JEAN,KASAÏ OCCIDENTAL,P.P.R.D
11,BIRINDWA CHANKIRE SOLID,SUD-KIVU,P.P.R.D
12,BOJI SANGARA AIME,SUD-KIVU,P.P.R.D
13,BONYOMA FALANGA JACQUES YVES,ORIENTALE,P.P.R.D
14,BOSAGA SUMAILI JEAN DIEUDONNE,MANIEMA,P.P.R.D
15,BOSHAB MABUDJ EVARISTE,KASAÏ OCCIDENTAL,P.P.R.D
16,BUHERWA LUPINI DESIRE,SUD-KIVU,P.P.R.D
17,BULUPIY GALATI SIMON,ORIENTALE,P.P.R.D
18,BURA PULUNYO CAJETAN MAURICE,ORIENTALE,P.P.R.D
19,BUNUNDA BAROKI WITH XAVIER,NORD-KIVU,P.P.R.D
20,CHOKWE CEMBO MOÏSE,KATANGA,P.P.R.D
21,CHUM MURISH LOVY,KATANGA,P.P.R.D
22,DIUR KATOND GASPARD,KASAÏ ORIENTAL,P.P.R.D
23,EWANGA ISEWANGA IWOKA,EQUATEUR,P.P.R.D
24,GHONDA MANGALIBI ANTOINE,BAS-CONGO,P.P.R.D
25,GUYENI MASILI BERNARD,MANIEMA,P.P.R.D
26,ILUNGA KAMPANYI JEAN PIERRE,KATANGA,P.P.R.D
27,KAWESHA MUTUNDO ULE AMBROISE,SUD-KIVU,P.P.R.D
28,KAHENGA SOMPO JOSEPH,KASAÏ ORIENTAL,P.P.R.D
29,KALAU NGUNGU GODE,KASAÏ OCCIDENTAL,P.P.R.D
30,KALEMA LOSONA JEAN PIERRE,MANIEMA,P.P.R.D
31,KALENGA WA KUBWILU JEAN JACQUES,KATANGA,P.P.R.D
32,KALOMBO TAMBWA FRANCIS,KINSHASA,P.P.R.D
33,KAMBERE KALUMBI FERDINAND,NORD-KIVU,P.P.R.D
34,KAMERHE VITAL,SUD-KIVU,P.P.R.D
35,KAMONI MOKOTA LISSA JEAN MARIE,-,P.P.R.D
36,KASHINDI ASSUMANI ALAIN JEAN PIERRE,SUD-KIVU,P.P.R.D
37,KASONGO KAWAYA JEAN LOUIS,KATANGA,P.P.R.D
38,KASONGO NGOIE GERARDINE,KATANGA,P.P.R.D
39,KASONGO NUMBI KASHEMUKUNDA,KATANGA,P.P.R.D
40,KASONGO SAKADI GILBERT,KATANGA,P.P.R.D
41,KATANTI MWITWA PHILIPE,KATANGA,P.P.R.D
42,KATSHONGO MBAVU PAULIN,KATANGA,P.P.R.D
43,KATUMBA MWANKE AUGUSTIN,KATANGA,P.P.R.D
44,KAYINDA MAHINA ADELE,KATANGA,P.P.R.D
45,KAZADI NYEMBWE DIEUDONNE,KASAÏ ORIENTAL,P.P.R.D
46,KIBAMBE LUBANGI MARCELINE,KASAÏ ORIENTAL,P.P.R.D
47,KIDIDI KIKI KILOLO GAUTHIER,KINSHASA,P.P.R.D
48,KIENGE DYASHI GHISLAIN,KATANGA,P.P.R.D
49,KIKA ZAMUDA MARIE JEANNE,SUD-KIVU,P.P.R.D
50,KIKAYA BIN KARUBI BARNABE,MANIEMA,P.P.R.D
51,KONDE MUWELWA BONIFACE,KATANGA,P.P.R.D
52,KUTEKALA KAAWA ALBERT,BANDUNDU,P.P.R.D
53,KWABENE MWETAMINWA DAMIEN,SUD-KIVU,P.P.R.D
54,LONGO KI-MBENZA MAKASI EDMOND,BAS-CONGO,P.P.R.D
55,LUBAYA WA LUBAYA CLAUDE-ANDRE,KASAÏ OCCIDENTAL,P.P.R.D
56,LUKUNGA KATANGA FELICIEN,KATANGA,P.P.R.D
57,LUPULA MATSHALO FELIX,KATANGA,P.P.R.D
58,M’VULA KAPOME PASCAL-JOSEPH,MANIEMA,P.P.R.D
59,MAKEPA NTAMBUE CYRILLE,KASAÏ OCCIDENTAL,P.P.R.D
60,MAKONERO WILDOR,SUD-KIVU,P.P.R.D
61,MAMBO MAWA LE BON,ORIENTALE,P.P.R.D
62,MAMBU MBUMI JEAN PAUL,KINSHASA,P.P.R.D
63,MANANGA MA TSHIAMA BOSCO,BAS-CONGO,P.P.R.D
64,MANKUMBWA YASUPA GODEFROID,-,P.P.R.D
65,MATABISHI MUSAKANI WAVUNGIRE,NORD-KIVU,P.P.R.D
66,MATHE NZINZI MULA GASTON,NORD-KIVU,P.P.R.D
67,MATONDO KATI MAYALA GEORGETTE,BAS-CONGO,P.P.R.D
68,MBEMBA FUNDU DI LUYINDU THEOPHILE,BANDUNDU,P.P.R.D
69,MBUYU LUYONGOLA JEAN,KATANGA,P.P.R.D
70,MINAKU NDJALALANDJOKO AUBIN,BANDUNDU,P.P.R.D
71,MODUA MOLENGOMO JOSEPH NICOLAS,BANDUNDU,P.P.R.D
72,MOKAKO NDZEKE JACQUES,EQUATEUR,P.P.R.D
73,MOKE MAMBANGO MARIE,ORIENTALE,P.P.R.D
74,MOLEKA NSOLA WIVINE,KINSHASA,P.P.R.D
75,MOLEKO MOLIWA ANASTASIE,ORIENTALE,P.P.R.D
76,MUABILU MBAYU MUKALA PUIS,KINSHASA,P.P.R.D
77,MUBA KITWA DAMASE,KATANGA,P.P.R.D
78,MUHIMA BINTU SABINE,NORD-KIVU,P.P.R.D
79,MUHIND KASOLE ALPHONSE,NORD-KIVU,P.P.R.D
80,MUJINGA KAYINU ALPHONSINE,KATANGA,P.P.R.D
81,MUKENDI TSHIAMBULA HONORE,KASAÏ ORIENTAL,P.P.R.D
82,MULUNDA SHIMBI JEAN,KATANGA,P.P.R.D
83,MUSEMENA BONGALA GASTON,ORIENTALE,P.P.R.D
84,MUTOMBO NGOYI YVONNE,KATANGA,P.P.R.D
85,MUULWA KATAALA THOMAS,SUD-KIVU,P.P.R.D
86,MUYEJ MANGEZE RICHARD,KATANGA,P.P.R.D
87,MUYUMBA NDUBULA JACQUES,KATANGA,P.P.R.D
88,MWANGE MUSANGU MARIE LOUISE,KATANGA,P.P.R.D
89,MWENZE MUTOMBO NKUNDU,KATANGA,P.P.R.D
90,MWENZE MUJINGA DIEUDONNE,KATANGA,P.P.R.D
91,MWENZE WAKADILO ROSEN,KATANGA,P.P.R.D
92,NAWEZIA CHIKWAND ADRIEN,KATANGA,P.P.R.D
93,NDJABA KPANDE GILBERT,ORIENTALE,P.P.R.D
94,NDOMBELE LOCKO ALBERT,BAS-CONGO,P.P.R.D
95,NGALULA KALALA MAMIE,KASAÏ OCCODENTAL,P.P.R.D
96,NGBALINDIE SASA EMMANUEL,ORIENTALE,P.P.R.D
97,NGOY MUKENA LUSA-DIESE AIME,KATANGA,P.P.R.D
98,NKULU MWENZE GERARD,KATANGA,P.P.R.D
99,NYABIRUNGU MWENE SONGA,NORD-KIVU,P.P.R.D
100,NYAMI NGWAMASHI SERAPHIN,KASAÏ OCCIDENTAL,P.P.R.D
101,OBOTE SIRIKA JEAN,ORIENTALE,P.P.R.D
102,OKOTO LOLAKOMBE JEAN CHARLES,KASAÏ ORIENTAL,P.P.R.D
103,PALUKU MIKUNDI VIKWIRAHANGI,NORD-KIVU,P.P.R.D
104,MPANAMO NTAMWENGE JACQUES,SUD-KIVU,P.P.R.D
105,PETWE KAPANDE IDESBALD,KATANGA,P.P.R.D
106,RAMAZANI SHADARY EMMANUEL,MANIEMA,P.P.R.D
107,SAFARI WA KIBANCHA THOMAS VINCENT P,NORD-KIVU,P.P.R.D
108,SEBGEWI ZAMU JACQUES,EQUATEUR,P.P.R.D
109,SEKIMONYO WA MAGANGO COME,NORD-KIVU,P.P.R.D
110,SIBKASIBKA MALAUME VINCENT,NORD-KIVU,P.P.R.D
111,SINDANI MULONDE ESDRAS,NORD-KIVU,P.P.R.D
112,SINDANI ANYAMA CASIMIR,ORIENTALE,P.P.R.D
113,SUGABO NGBULABO GILBERT,ORIENTALE,P.P.R.D
114,TSHIONGO TSHIBIKUBULA WA NTUMBA G.,KASAÏ OCCIDENTAL,P.P.R.D
115,TUNDA YA KASENDE CELESTIN,KASAÏ ORIENTAL,P.P.R.D
116,UPIO KAKURA WAPOL,ORIENTALE,P.P.R.D
117,UWEKA UKABA PIERRE CLAVER,ORIENTALE,P.P.R.D
118,YAGI SITOLO JEAN,ORIENTALE,P.P.R.D
119,MAKIADI MA KINKELA EMMANUEL,BAS-CONGO,P.P.R.D
120,KILENGWA LUBAMBU ERIC,-,P.P.R.D
121,MUHIGIRWA MULUME ODERWA CHARLES,SUD-KIVU,P.P.R.D
122,PITSHI NDAMBI SYLVAIN,-,P.P.R.D
123,SUMBU LONGHOMO PAUL-IGNACE,KASAÏ ORIENTALE,P.P.R.D
1,ATHU-A-GUYIMBA ARTHUR,KINSHASA,PALU
2,BALA BALA KAWA NGANDA,BANDUNDU,PALU
3,BIETO KUTOMA SILUMBANZA,BANDUNDU,PALU
4,BYENGE MUKABI NZUJI DAVID,KASAÏ OCCIDENTAL,PALU
5,BUKASA NGO ENIN FLAVIEN,KINSHASA,PALU
6,FONO MAKIASI FULGENCE,BANDUNDU,PALU
7,GUYZANGA GUYANDIGA CLEOPHAS,KINSHASA,PALU
8,KADITANGA KIKWANZA TOUSSAINT,BANDUNDU,PALU
9,KAHUSU MAKWELA JEAN,KINSHASA,PALU
10,KAYENGA BANDAKELA JEAN,BANDUNDU,PALU
11,KAZWALA MAYANGA BERNARD,BANDUNDU,PALU
12,KIKAPA KIPANGA RUFFIN,BANDUNDU,PALU
13,KUTUDISA PANDA JEAN PIERRE,KINSHASA,PALU
14,LEMBA SALA MIDIMO FRANCOIS,BANDUNDU,PALU
15,LUETE KATEMBO RAYMOND,KASAÏ OCCIDENTAL,PALU
16,LUSASI KIMANGIDI RAPHAEL,BANDUNDU,PALU
17,LUZITO ISIPAKO JACQUES,KINSHASA,PALU
18,MABOLOKO NGULAMBANGU CHERRY-ERNEST,BANDUNDU,PALU
19,MADIKO MULENDE GEORGINE,BANDUNDU,PALU
20,MANZOMBIKULUMBAMBA BAUDOUIN,BANDUNDU,PALU
21,MAZONO ANSUR-ANKUS DONATIEN,BANDUNDU,PALU
22,MBANZA MANGWATA DELPHIN,BANDUNDU,PALU
23,METELA PULUMBA MIKABA REMY,BANDUNDU,PALU
24,MIDU SHAMUHAMBA GODEFROID,KASAÏ OCCIDENTAL,PALU
25,MUBOBO NZAMA WILLY,BANDUNDU,PALU
26,MUKWABATU BUKA THEO,BANDUNDU,PALU
27,MUKWAKANI GAHUNGU ZENON,BANDUNDU,PALU
28,MVWAMA ANEDU MARC,BANDUNDU,PALU
29,NGOLOMINGI MPELE SEBASTIEN,BANDUNDU,PALU
30,NTENY OLELLE AFYA NICOLAS,BANDUNDU,PALU
31,NTUMBA MWANGUNG ISIDORE,BANDUNDU,PALU
32,PALUKU WA MUTHETI GILBERT,NORD-KIVU,PALU
33,BASHALA KANTU A MILANDU,KASAÏ ORIENTAL,PALU
34,NKENDA KASLEMA CELESTIN,-,PALU
35,PEA-PEA NDEMBO GENEVIEVE,BANDUNDU,PALU
36,ZIMBA-ZIMBA MW-AH-KIKAR SERAPHIN,BANDUNDU,PALU
1,AGADI BUKANI BAKWA GEORGETTE,ORIENTALE,MLC
2,AKPÄNZA MOBULI NICOLAS,EQUATEUR,MLC
3,ALENGE NADONYE GUSTAVE,EQUATEUR,MLC
4,AMBUKU GOTY WATSAKOKE A.M,EQUATEUR,MLC
5,BABALA WANDU FIDELE,KINSHASA,MLC
6,BALENGOLA BANYELE HENRY,EQUATEUR,MLC
7,BANGALYBA BALY JEAN PIERRE,BAS-CONGO,MLC
8,BIDIU NKEBI LAJOS,BAS-CONGO,MLC
9,BIE BONGENGE MICHELINE,EQUATEUR,MLC
10,BOBE YABOY JEAN PIERRE,EQUATEUR,MLC
11,BOLENGE YOMA TITCHOU,KINSHASA,MLC
12,BOMBOLE INTOLE ADAM,KINSHASA,MLC
13,BOONGO NKOY PANCRACE,EQUATEUR,MLC
14,BOTOKO IMEKA LEON,EQUATEUR,MLC
15,BULE GBANGOLO BASABE MOH.,ORIENTALE,MLC
16,DEGBALASE KANDA ADELE,EQUATEUR,MLC
17,BUSSA TONGBA JENA LUCIEN,EQUATEUR,MLC
18,DIKUYI MUBOYAYI ANACLET,KASAÏ ORIENTAL,MLC
19,DJEMA NGOY LUMA JOSEPH,EQUATEUR,MLC
20,DUNIA BARAKANI FAUSTIN,NORD-KIVU,MLC
21,EGWAKE YA NGEMBE OMER,EQUATEUR,MLC
22,EHOLO EONI NORBERT,EQUATEUR,MLC
23,ETULA LIBANGE ERNEST,ORIENTALE,MLC
24,GBANDAZWA MASIBANDO CHRYSOSTOME,ORIENTALE,MLC
25,GIBGA GITE ALBERT,EQUATEUR,MLC
26,KABENGELA NGOY DOMINIQUE,KINSHASA,MLC
27,KABONGO NGOY EUGENE,KINSHASA,MLC
28,KAMBALA ILUNGA FAUSTIN,KASAÏ OCCIDENTAL,MLC
29,KANDE MUPOMPA ALEX,KASAÏ OCCIDENTAL,MLC
30,KANYI NZIA DONATIEN,ORIENTALE,MLC
31,KASHOBA KABONSHI DENIS,KATANGA,MLC
32,KATALAY M’BURUBALO JACQUES,BANDUNDU,MLC
33,KIMEME BIN RUKOHE JACQUES-PROTAIS,NORD-KIVU,MLC
34,KISOMBE BISIKA LISASI YVES ETIENNE,KINSHASA,MLC
35,KUMALUTA SHANGU MICHEL,KASAÏ OCCIDENTAL,MLC
36,KUNDA KISENGA MILUNDU FULBERT,KATANGA,MLC
37,KUTONDA KOLAMI KIALA EMMANUEL,BANDUNDU,MLC
38,LIPEMBA IKPANGA PASCAL,EQUATEUR,MLC
39,LOMANGA LONGENGA JEAN ROBERT,EQUATEUR,MLC
40,LOMATA ETITINGI EUGENE,EQUATEUR,MLC
41,LUHAKA LOSENDJOLA THOMAS,KINSHASA,MLC
42,LUNGUANA MATUMONA JACQUES,BAS-CONGO,MLC
43,MASUKA SAINI FIFI,KATANGA,MLC
44,MAYOMBE MUMBYOKO PATRICK,BAS-CONGO,MLC
45,MBUEMBUE KASEU CYRILLE,KASAÏ OCCIDENTAL,MLC
46,MILEMBA BUKASA ANGELIQUE,KASAÏ ORIENTAL,MLC
47,M’PETI BIYOMBO ALBERT,BANDUNDU,MLC
48,MUAMBA MULUNDA BENJAMIN,KASAÏ ORIENTAL,MLC
49,MUAMBA TSHISHIMBI FRANCOIS,KASAÏ ORIENTAL,MLC
50,MUDIZO MUSENGO DIDIER,KINSHASA,MLC
51,MUSUNGAY BAMPALE REMY,KASAÏ OCCIDENTAL,MLC
52,MUTIRI WA BASHARA ELVIS,NORD-KIVU,MLC
53,N’DOM NDA OMBEL CONSTANT,BANDUNDU,MLC
54,NGENDENZA EZUNGA VINCENT,EQUATEUR,MLC
55,NGOYI MUKANKU JEAN NATHANAËL,KASAÏ ORIENTAL,MLC
56,NTUMBA TORRO WA NTUMBA ROGER,KASAÏ OCCIDENTAL,MLC
57,POND KAYAMB JEAN PAUL,KASAÏ ORIENTAL,MLC
58,ROGHO NGIMALE THEOBALD-BLAISE,EQUATEUR,MLC
59,SESANGA IPUNGU WA DJAKASENGA DELLY,KASAÏ OCCIDENTAL,MLC
60,SIMA KRULIKEMUN JACQUES,BANDUNDU,MLC
61,TSHIBUYI MITAMBE MARCEL,KASAÏ ORIENTAL,MLC
62,TSHIMANGA BUANA JEAN PIERRE,KASAÏ OCCIDENTAL,MLC
63,TUTU TEDEZA KANGO GILBERT,ORIENTALE,MLC
64,WANDO WANDATA JOSEPH,EQUATEUR,MLC
1,ADIRODU MAWAZO BAUDOUIN,ORIENTALE,FORCES DE RENOUVEAU
2,ANZIAMA KAMUZIBANI DIEUDONNE,ORIENTALE,FORCES DE RENOUVEAU
3,AZA BHATRE MARTIN,ORIENTALE,FORCES DE RENOUVEAU
4,BAHATI VISTANGE EMMENUEL,NORD-KIVU,FORCES DE RENOUVEAU
5,BARIHIMA KA-BUTSIRI JEAN BOSCO,NORD-KIVU,FORCES DE RENOUVEAU
6,BATA KYALA NGANGU SERAPHIN,BANDUNDU,FORCES DE RENOUVEAU
7,BEYEYE DJEMA CHRISTOPHE,KASAÏ OCCIDENTAL,FORCES DE RENOUVEAU
8,BONDOMISO BEBISYAME CELESTIN,ORIENTALE,FORCES DE RENOUVEAU
9,BUDU TANDEMA VITAL,ORIENTALE,FORCES DE RENOUVEAU
10,FURABO TONDABO MYLET,ORIENTALE,FORCES DE RENOUVEAU
11,ISOMELA IYONGHA LOFALATA FREDDY,ORIENTALE,FORCES DE RENOUVEAU
12,IYAMULEME BARAGOMANWA CYPRIEN,NORD-KIVU,FORCES DE RENOUVEAU
13,KABIMBI NGOY MWANA GOY CHE,KATANGA,FORCES DE RENOUVEAU
14,KAKULE SUMBUSU MUHIMA,NORD-KIVU,FORCES DE RENOUVEAU
15,KAMATE LUKUNDU JEROME,NORD-KIVU,FORCES DE RENOUVEAU
16,KASINDI YUMBE SULBALI ZEPHIRIN,KATANGA,FORCES DE RENOUVEAU
17,KATENDE WA NDAYA GREGOIRE,KASAÏ ORIENTAL,FORCES DE RENOUVEAU
18,KIKADI GAPONGOLO WILFRID,KASAÏ OCCIDENTAL,FORCES DE RENOUVEAU
19,KIPELE AKYAZUA LUCIE,ORIENTALE,FORCES DE RENOUVEAU
20,KYAVIRO MALEMO JEAN LUOIS ERNEST,NORD-KIVU,FORCES DE RENOUVEAU
21,LUSENGE KAKULE GREGOIRE,NORD-KIVU,FORCES DE RENOUVEAU
22,MAKHANA MANZENZA ALAIN,KINSHASA,FORCES DE RENOUVEAU
23,MAPATI KAHINDO,NORD-KIVU,FORCES DE RENOUVEAU
24,MASALA LOKA MUTOMBO HUBERT,BANDUNDU,FORCES DE RENOUVEAU
25,MBAYO KILUMBA EUGENIE,KATANGA,FORCES DE RENOUVEAU
26,MBUKU LAKA BORIS,BANDUNDU,FORCES DE RENOUVEAU
27,MIDI GIAMANY ZOZEY AMBROISE,KINSHASA,FORCES DE RENOUVEAU
28,MPETSHI WOOTO BERNARD,KASAÏ ORIENTAL,FORCES DE RENOUVEAU
29,MUGIRANEZA NDIZEYE JULES,NORD-KIVU,FORCES DE RENOUVEAU
30,NGOMA DI NZAU MATONE JOSEPH,BAS-CONGO,FORCES DE RENOUVEAU
31,NKIZINKIKO MPAWE NEPHTALI,NORD-KIVU,FORCES DE RENOUVEAU
32,NKULU MUPENDA MUKALA JACQUES,KATANGA,FORCES DE RENOUVEAU
33,NSIALA WA BANSIALA JEAN PIERRE,BAS-CONGO,FORCES DE RENOUVEAU
34,NTUMBA PETUMPENYI WILLY MERCIER,KASAÏ OCCIDENTAL,FORCES DE RENOUVEAU
35,OMBA BINDIMONO GUSTAVE,MANIEMA,FORCES DE RENOUVEAU
36,PUELA ALBERT FABRICE,BAS-CONGO,FORCES DE RENOUVEAU
37,SHALO DUDU MARTIN,ORIENTALE,FORCES DE RENOUVEAU
38,UKUMU NYAMULOKA JEAN BOSCO,ORIENTALE,FORCES DE RENOUVEAU
39,WANGA KIPANGU ARTHUR,KINSHASA,FORCES DE RENOUVEAU
40,UWOR CWINYA’AY YVON,KINSHASA,FORCES DE RENOUVEAU
41,YANGA KIDIAMENE YVON,KINSHASA,FORCES DE RENOUVEAU
42,ZULU KILO ABI FABIEN EMERY,BANDUNDU,FORCES DE RENOUVEAU
1,BANZA LUPUSA BIATA BIALE B,KATANGA,MSR ET ALLIES
2,BAPOLISI BUHUGA POLEPOLE P.,SUD-KIVU,MSR ET ALLIES
3,BIASIMA LALA ROSE,BANDUNDU,MSR ET ALLIES
4,BITAKUYA DUNIA PUIS,SUD-KIVU,MSR ET ALLIES
5,BOLENGETENGE BALEA DIEUDONNE,ORIENTALE,MSR ET ALLIES
6,BOTORO BODIAS MICHEL,ORIENTALE,MSR ET ALLIES
7,KAFINDO BIN KOSAMU MAURICE,KATANGA,MSR ET ALLIES
8,KAPINDO TUNDWA PERPETUE,KATANGA,MSR ET ALLIES
9,KAPUYA TSHIMANKINDA VENANCE,-,MSR ET ALLIES
10,KASEREKA VUKUTU EDMONDUS,NORD-KIVU,MSR ET ALLIES
11,KATEMBO MAKATA JACQUES,NORD-KIVU,MSR ET ALLIES
12,KATSUVA SIKULI CHRISTIAN,NORD-KIVU,MSR ET ALLIES
13,KINGOTOLO LUNIANGA CHRISTOPHE,KINSHASA,MSR ET ALLIES
14,KWUNGWASA NAKAHUGA GERARD,SUD-KIVU,MSR ET ALLIES
15,LIKUNDA NDOLO ALEXIS,ORIENTALE,MSR ET ALLIES
16,LUTUNDULA APALA PEN’APALA CHRISTOPHE,KASAÏ OCCIDENTAL,MSR ET ALLIES
17,LUZOLO LWA NGANGA EDMOND,BAS-CONGO,MSR ET ALLIES
18,MATA EBEKA EBAMA JEAN FELIX,EQUATEUR,MSR ET ALLIES
19,MBALU KIKUTA JEAN BAPTISTE,KINSHASA,MSR ET ALLIES
20,MIRINDI CARHANGABO GREGOIRE,SUD-KIVU,MSR ET ALLIES
21,MISSA AMUBUOMBE REGINARD,ORIENTALE,MSR ET ALLIES
22,MOLISHO SADI DIDIER,MANIEMA,MSR ET ALLIES
23,MULAYA MAPATANO OCTAVE,KATANGA,MSR ET ALLIES
24,MUSHESHA NDOOLE RAYMOND,NORD-KIVU,MSR ET ALLIES
25,NDAY KABONGO KYANZA NGOMBE RENE,KATANGA,MSR ET ALLIES
26,SELINGA KODEYE-WENE PASCAL,EQUATEUR,MSR ET ALLIES
27,TABU MAKUSI ANGELE,ORIENTALE,MSR ET ALLIES
28,TELA FALANGA NESTOR,ORIENTALE,MSR ET ALLIES
29,UPIRA BUNGUMA KANGIMBI DIEUDONNE,ORIENTALE,MSR ET ALLIES
30,KOKO IGUMBA MUSSA JACQUES,-,MSR ET ALLIES
31,KONDOKELWA ITUNGA BERNARDIN,SUD-KIVU,MSR ET ALLIES
32,MBENZA KUNIETAMA PHILIPE,KINSHASA,MSR ET ALLIES
1,AMURI KAKIBISHA SERGE,KINSHASA,DES INDEPENDANTS « GPI »
2,BAHATI LUKWEBO MODESTE,SUD-KIVU,DES INDEPENDANTS « GPI »
3,KISIMBA KIMBALUNANDA ERIC,KATANGA,DES INDEPENDANTS « GPI »
4,BOPE LOBO ALBERT,KASAÏ OCCIDENTAL,DES INDEPENDANTS « GPI »
5,BUKAMBA LUFUNGULA GANDHI,MANIEMA,DES INDEPENDANTS « GPI »
6,DISHASHI KALENGA HUBERT,KASAÏ ORIENTAL,DES INDEPENDANTS « GPI »
7,EBWEME YONZABA JACQUES,BANDUNDU,DES INDEPENDANTS « GPI »
8,KABONGO MPONGO LEON,KASAÏ ORIENTAL,DES INDEPENDANTS « GPI »
9,KAHEMBE RWANDINDA BIGARUKA J.C,NORD-KIVU,DES INDEPENDANTS « GPI »
10,KALEMBE KIBOKO VANO,KATANGA,DES INDEPENDANTS « GPI »
11,KALONJI TSHISENGE OMAR,KASAÏ OCCIDENTAL,DES INDEPENDANTS « GPI »
12,KATI KATI MUNDELE LEONNE,KINSHASA,DES INDEPENDANTS « GPI »
13,KATSHIELA LUNGALA JEAN RENE,KASAÏ OCCIDENTAL,DES INDEPENDANTS « GPI »
14,KAYOMBO SEKESENU DIEUDONNE,KATANGA,DES INDEPENDANTS « GPI »
15,MBENZA SIMBA CHANTAL,BAS-CONGO,DES INDEPENDANTS « GPI »
16,KIN KIEY MULUMBA TRYPHON,BANDUNDU,DES INDEPENDANTS « GPI »
17,KIZIAMINA KIBILA JEAN OSCAR,KINSHASA,DES INDEPENDANTS « GPI »
18,KUZUNDA MUTANGIJI ANICET,KINSHASA,DES INDEPENDANTS « GPI »
19,DEMBO OLAMA MARIE-THERESE,KINSHASA,DES INDEPENDANTS « GPI »
20,LONGINA BWANA GASTON,EQUATEUR,DES INDEPENDANTS « GPI »
21,MABONGO KATEMBO GARRI,BANDUNDU,DES INDEPENDANTS « GPI »
22,MAVUNGU MBUNGA ANDRE,KINSHASA,DES INDEPENDANTS « GPI »
23,MBAYA KAKASU ALAIN,KASAÏ ORIENTAL,DES INDEPENDANTS « GPI »
24,MBOSSO KODIA PWANGA CHRISTOPHE,BANDUNDU,DES INDEPENDANTS « GPI »
25,MBUYA MUKIEWA DANIEL,KINSHASA,DES INDEPENDANTS « GPI »
26,MOUSSA KALEMA SONGLO-ZAKU,KINSASA,DES INDEPENDANTS « GPI »
27,MPAKA MALUNDAMA JOSEPH,BAS-CONGO,DES INDEPENDANTS « GPI »
28,MPASI-A-MBONGO DORA MICHEL,KINSHASA,DES INDEPENDANTS « GPI »
29,MUTOKAMBALILUVANZAY JEAN LUC,NORD KIVU,DES INDEPENDANTS « GPI »
30,MWAMIKEDI MAKANI MARC,BANDUNDU,DES INDEPENDANTS « GPI »
31,NZAZI MUANA LOUSE,KINSHASA,DES INDEPENDANTS « GPI »
32,OZANA WEZAGO LEON,EQUATEUR,DES INDEPENDANTS « GPI »
33,PASI ZAPAMBABUKA JEAN-PIERRE,BANDUNDU,DES INDEPENDANTS « GPI »
34,PERO MAHOPA BANYATH TELESPHORE,KASSAI OCCIDENAL,DES INDEPENDANTS « GPI »
35,N’ZIKIANDA ANKOLIA ROBERT,-,DES INDEPENDANTS « GPI »
36,THAMBWE MWAMBA ALEXIS,MANIEMA,DES INDEPENDANTS « GPI »
37,TSISUMPA TSHIAKA TUMBA PLACIDE,KINSHASA,DES INDEPENDANTS « GPI »
1,ASUMANI LIKAL NGANYO JACQUES,ORIENTALE,CPCD
2,ATANDELE SONGE JEAN BERTIN,EQUATEUR,CPCD
3,BEYA MUBIAYI BERTIN,KASSAI OCCIDENTAL,CPCD
4,BOKOLO NYASWA VICKY,EQUATEUR,CPCD
5,BUDRI NGADUMA JEAN-CHRISTOPHE,ORIENTALE,CPCD
6,DIANZENZA MAYASILWA ANNIE,KINSHASA,CPCD
7,EKPOLI LENTI MARIE LOUISE,EQUATEUR,CPCD
8,INGELE IFOTO JEAN MARIE,KINSHASA,CPCD
9,KAKULE BYATEKWA ENOCH,NORD-KIVU,CPCD
10,KAMBAYI CIMBUMBU DENIS,KINSHASA,CPCD
11,KANKU BUKASA TSHIBUABUA CLEMENT,KASAÏ OCCIDENTAL,CPCD
12,KATANGA MUKUMADI YAMUTUMBA T.,KASAÏ ORIENTAL,CPCD
13,KAYEMBE MWADIANVITA SERGE,KINSHASA,CPCD
14,KEMBE NTAMBWE ANDRE MOBIKISI,KASAÏ ORIENTAL,CPCD
15,KIAKWAMA-KIA-KIZIKI GILBERT,BAS-CONGO,CPCD
16,KISUNKA COLA ETIENNE,KATANGA,CPCD
17,LABUGHE IZALEY JEAN-PIERRE,BANDUNDU,CPCD
18,LUMEYA DHU MALEGHI,BANDUNDU,CPCD
19,MOLISO NENDOLO BOLITHA HUBERT,ORIENTALE,CPCD
20,MOKOHA MONGA ADOGO JEAN-BAUDOUIN,EQUATEUR,CPCD
21,MUPATA LUGALU DIEUDONNE,BANDUNDU,CPCD
22,NDOMBE SITA HELENE,KINSHASA,CPCD
23,NEMOYATO BAGEBOLE JEAN PAUL,ORIENTALE,CPCD
24,NGBUNDU MALENGO CRISPIN,EQUATEUR,CPCD
25,PANDA JAKULU PATCHO,KINSHASA,CPCD
26,TINGOMBAY MONDONGA FIDELE,EQUATEUR,CPCD
27,TSHATA SAKAPUMBA MARC,KATANGA,CPCD
28,VUNDWAWE TE PE MAKO FELIX,EQUATEUR,CPCD
1,AGBUMANA MOTINGA DIEUDONNE,EQUATEUR,CDF
2,BAMBOKA LOBENDI PIERRE,BANDUNDU,CDF
3,BONSOMI MOKPAMI JEAN BOSCO,EQUATEUR,CDF
4,BOPOLO MBONGEZA MBUNGA,EQUATEUR,CDF
5,EKAM WINA FERDINAND,EQUATEUR,CDF
6,GEMA DI MAGEKO OSCAR,KINSHASA,CDF
7,IPALAKA YOBWA JOSEPH,EQUATEUR,CDF
8,JEMSI MULENGWA JEAN KEVIN,SUD-KIVU,CDF
9,KAKULE MOLO PHERESIE,NORD-KIVU,CDF
10,KAMBALE KALIMUMBALU DIEUDONNE,NORD-KIVU,CDF
11,KAMBALE LUSENGEBONANE JEROME,NORD-KIVU,CDF
12,KATSUVA SYAHEMBULWA KAKUSI,NORD-KIVU,CDF
13,KATUMWA MUKALAY VICKY,KATANGA,CDF
14,KAYIBA MUAMBUYI ANNIE,KASAÏ ORIENTAL,CDF
15,LESSENDJINA IKWAME SEBASTIEN,BANDUNDU,CDF
16,MAKUBA LUTONDO RICHARD,BAS-CONGO,CDF
17,MANGBANZO DUA ENGENZA FULGENCE,EQUATEUR,CDF
18,MAZHUNDA ZANDA MARCEL,KINSHASA,CDF
19,MBUNGU MBUNGU NERON,KINSHASA,CDF
20,MUHINDO MATAYO SENGEMOYA,NORD-KIVU,CDF
21,MUNAYI MUNTU MONJI THOMAS,KASAÏ OCCODENTAL,CDF
22,NDUDI NDUDI PASCAL,BAS-CONGO,CDF
23,NGBANYO MBUNGA DETATO JOSE,EQUATEUR,CDF
24,NGUALA BANANIKA VICTOR,KINSHASA,CDF
25,NGWANDE MEBALE-BALEZU SERAPHIN,EQUATEUR,CDF
26,N’SOLE MOKORUBOBA MICHEL,BANDUNDU,CDF
27,ENGUNDA LITIMBA DENIS,EQUATEUR,CDF
28,BOYENDA AYELA CYRILLE,-,CDF
1,BAMANISA SAIDI JEAN,ORIENTALE,UDEMO ET COLLECTIF DES INDEPENDANTS
2,BAYOLI KAMBALE GODEFROID,NORD-KIVU,UDEMO ET COLLECTIF DES INDEPENDANTS
3,BOKONA WIPA BONZAL FRANCOIS,BANDUNDU,UDEMO ET COLLECTIF DES INDEPENDANTS
4,DUMBI MBADU FLORY,KINSHASA,UDEMO ET COLLECTIF DES INDEPENDANTS
5,FANGBI NGINDO KEKPE POPOLIPO GABRIEL,EQUATEUR,UDEMO ET COLLECTIF DES INDEPENDANTS
6,GAPEMONOKO LOBOTDUMBA JEAN MARIE,EQUATEUR,UDEMO ET COLLECTIF DES INDEPENDANTS
7,ILUNGA KAZADI BENJAMIN,KASAÏ ORIENTAL,UDEMO ET COLLECTIF DES INDEPENDANTS
8,KIMASI BEKILI FRANCINE,KINSHASA,UDEMO ET COLLECTIF DES INDEPENDANTS
9,KOYENGETE SOLO DESIRE,ORIENTALE,UDEMO ET COLLECTIF DES INDEPENDANTS
10,KPAWILI WEDOGULUNE JEAN PIERRE,EQUATEUR,UDEMO ET COLLECTIF DES INDEPENDANTS
11,LONGOMO NSONGO IWAWA TITIEN,EQUATEUR,UDEMO ET COLLECTIF DES INDEPENDANTS
12,MANZEMBELE KOKONGO CYRILLE,EQUATEUR,UDEMO ET COLLECTIF DES INDEPENDANTS
13,MOBUTU GIALA KASSA ALBERT PHILIPPE,EQUATEUR,UDEMO ET COLLECTIF DES INDEPENDANTS
14,MOHULEMBY BUBANGAKOZO JEAN-MATTHIEU,EQUATEUR,UDEMO ET COLLECTIF DES INDEPENDANTS
15,N’SINGA UDJUU JOSEPH,BANDUNDU,UDEMO ET COLLECTIF DES INDEPENDANTS
16,NSIMBA LUTETE ESAIE,BAS-CONGO,UDEMO ET COLLECTIF DES INDEPENDANTS
17,NTOMBOLO MUTUALA CAMILLE,KASAÏ OCCIDENTAL,UDEMO ET COLLECTIF DES INDEPENDANTS
18,TAKIS KUMBO JEAN-DOMINIQUE,ORIENTALE,UDEMO ET COLLECTIF DES INDEPENDANTS
19,TAKIZALA MASOSO ALEXIS,KATANGA,UDEMO ET COLLECTIF DES INDEPENDANTS
20,TSHILENGE MBUYI SHAMBUYI GEORGES,KASAÏ ORIENTAL,UDEMO ET COLLECTIF DES INDEPENDANTS
21,TSHOMBE NAWEJ JEROME,KATANGA,UDEMO ET COLLECTIF DES INDEPENDANTS
22,WISSO EYENGA MELANIE,EQUATEUR,UDEMO ET COLLECTIF DES INDEPENDANTS
23,NGOKOSSO APA MICHEL PIERRE,BANDUNDU,UDEMO ET COLLECTIF DES INDEPENDANTS
1,BASHIZI ZIRIMWAGABO MANASSE,SUD-KIVU,GPP
2,BATUMOKO AFOZUNDE JEAN PIERRE,ORIENTALE,GPP
3,BITAKWIRA BIHONA-HAYI JUSTIN,SUD-KIVU,GPP
4,BUNDA BITENDWA JEANNE,NORD-KIVU,GPP
5,DIUMASUMBU ANDRE,KASAÏ ORIENTAL,GPP
6,KAMONA YUMBA DIEUDONNE,KATANGA,GPP
7,KANYEGERE LWABOSHI SAMUEL,SUD-KIVU,GPP
8,KISALA WABONGYA SIMON,SUD-KIVU,GPP
9,MASUMBUKO BASHOMBA CHRISTOPHE,SUD-KIVU,GPP
10,MBAMBU MUGHOLE JULIETTE,NORD-KIVU,GPP
11,MPUNGUE MUITSHIKA MATTHIEU,KASAÏ ORIENTAL,GPP
12,MUBALAMA KASHAMANGALI DEOGRATIAS,SUD-KIVU,GPP
13,MULYA KALONDA ALAIN,KATANGA,GPP
14,MUNAMIRE MUNGU-AKONKWA ALPHONSE,SUD-KIVU,GPP
15,NDJOKU NYOU DJONIO,-,GPP
16,NGOYI KITANGALA RICHARD,KATANGA,GPP
17,SUMARI BALIKE FERNAND,SUD-KIVU,GPP
18,MASHAURI BAGANDA AUGUSTIN,SUD-KIVU,GPP
19,KUDURA ADIYO PASCALINE,KINSHASA,GPP
1,BAKAMBE SHESHA JACQUES,KATANGA,"PAIX, DEMOCRATIE ET DEVELOPPEMENT"
2,BOTSWALI LENGOMO BARTHELEMY,BANDUNDU,"PAIX, DEMOCRATIE ET DEVELOPPEMENT"
3,BULAMBO KILOSHO JEAN MARIE,SUD-KIVU,"PAIX, DEMOCRATIE ET DEVELOPPEMENT"
4,KALABA SANKWE BRIGITTE,KATANGA,"PAIX, DEMOCRATIE ET DEVELOPPEMENT"
5,KALALA MPOTOYI CRISPIN,KASAÏ ORIENTAL,"PAIX, DEMOCRATIE ET DEVELOPPEMENT"
6,KALUMBA MWANA NGONGO JUSTIN,MANIEMA,"PAIX, DEMOCRATIE ET DEVELOPPEMENT"
7,KAUBO MUTULA LWA MATANDA CYPRIEN,KATANGA,"PAIX, DEMOCRATIE ET DEVELOPPEMENT"
8,KISIMBA NGOY MAJE,KATANGA,"PAIX, DEMOCRATIE ET DEVELOPPEMENT"
9,KYENGE SAMA KIPIOKA JEAN MICHEL,-,"PAIX, DEMOCRATIE ET DEVELOPPEMENT"
10,MBUYA MIBANGA WILFRID,KATANGA,"PAIX, DEMOCRATIE ET DEVELOPPEMENT"
11,MITENDO MWADI YINDA LUSEELA,BANDUNDU,"PAIX, DEMOCRATIE ET DEVELOPPEMENT"
12,MUKANYA NKASHAMA JEAN CHRISTOPHE,KASAÏ ORIENTAL,"PAIX, DEMOCRATIE ET DEVELOPPEMENT"
13,MULONGO NGOY IVAN,KATANGA,"PAIX, DEMOCRATIE ET DEVELOPPEMENT"
14,MULUMBA IZUELA ARTHUR,KASAÏ OCCIDENTAL,"PAIX, DEMOCRATIE ET DEVELOPPEMENT"
15,MUTUMBE MBUYA CRISPIN,KATANGA,"PAIX, DEMOCRATIE ET DEVELOPPEMENT"
16,NGABU KPARRI JEAN PIERRE,ORIENTALE,"PAIX, DEMOCRATIE ET DEVELOPPEMENT"
17,NGOIE WA MWENZE WILFRIED,KATANGA,"PAIX, DEMOCRATIE ET DEVELOPPEMENT"
18,NGOMA KOSI ABDOUL,BAS-CONGO,"PAIX, DEMOCRATIE ET DEVELOPPEMENT"
19,TSHIBANGU KALALA,KASAÏ ORIENTAL,"PAIX, DEMOCRATIE ET DEVELOPPEMENT"
20,WENGA BULAMBO CHARLY,SUD-KIVU,"PAIX, DEMOCRATIE ET DEVELOPPEMENT"
21,MUKALAY BIKUHANGILA JEAN LAMA,KATANGA,"PAIX, DEMOCRATIE ET DEVELOPPEMENT"
22,UVOYA CWINYA’Y JEAN MARIE,ORIENTALE,"PAIX, DEMOCRATIE ET DEVELOPPEMENT"
23,KAKUDJI YUMBA SOPHIE,KATANGA,"PAIX, DEMOCRATIE ET DEVELOPPEMENT"
24,KPENUMO MOOLONGAWI RABBIN,EQUATEUR,"PAIX, DEMOCRATIE ET DEVELOPPEMENT"
25,MUKEBA TSHIKALA JEAN PIERRE,KASAÏ OCCIDENTAL,"PAIX, DEMOCRATIE ET DEVELOPPEMENT"
1,EDO KASONGO BIN LILONDA,KATANGA,ODR
2,IDAMBITUO BAKAATO JEAN BAUDOUIN,ORIENTALE,ODR
3,KEMBUKUSWA NLAZA ALPHONSE,BAS-CONGO,ODR
4,KISOLOKELE LUKELO LEON,KINSHASA,ODR
5,LISANGA BONGANGA JEAN-PIERRE,KINSHASA,ODR
6,MULANGALA LWA KABWANGA MEDARD,KASAÏ OCCIDENTAL,ODR
7,MUNONGO BAN’CHY,KATANGA,ODR
8,NDAYE NKONDO MULEKELAYI LAURENT,KASAÏ OCCIDENTAL,ODR
9,OKUNDJI NDJOVU EMERY,KASAÏ ORIENTAL,ODR
10,VUEMBA LUZAMBA JEAN-CLAUDE,BAS-CNGO,ODR
11,WAMU ATAMINA HENRIETTE,KINSHASA,ODR
12,ENGBANDA MANANGA JOSE,EQUATEUR,ODR
13,MUKONKOLE KIBENGIE MUKI JEAN MARTIN,KASAÏ ORIENTAL,ODR
14,NE MUANDA SEMI,BAS-CONGO,ODR
15,LUMBALA TSHITENGE ROGER,KASAÏ OCCIDENTAL,ODR
16,MALOKA MAKONDJI PIERRE,EQUATEUR,ODR
17,MBOKASHANGA MIKOBI HELENE,KASAÏ OCCIDENTAL,ODR
18,MPAKA MAWETE RUFFIN,BAS-CONGO,ODR
1,AYOBANGIRA SAMVURA FRANCOISE,NORD-KIVU,LES NON INSCRITS
2,BAITSURA MUSOWA SCHADRAC,NORD-KIVU,LES NON INSCRITS
3,BALEMBO BALAMA KASOMBA ED.,ORIENTALE,LES NON INSCRITS
4,BANGANYIGABO KANYESHULI B.,NORD-KIVU,LES NON INSCRITS
5,BOFASSA DJEMA CHARLES,EQUATEUR,LES NON INSCRITS
6,DHETCHOUVI MATCHU-MANDJE,ORIENTALE,LES NON INSCRITS
7,DIMANDJA AMBOWA FEZA ELYSEE,KINSHASA,LES NON INSCRITS
8,EJIBA YAMAPIA EVARISTE,KINSHASA,LES NON INSCRITS
9,KADIMA LUBEMBA ALEXIS,KASAÏ ORIENTAL,LES NON INSCRITS
10,ILUNGA KAMBALA MUSASA ROBERT,KASAÏ OCCIDENTAL,LES NON INSCRITS
11,KABAGAMBE MAGBO CLAUDE,ORIENTALE,LES NON INSCRITS
12,KASWARA TAHIGWOMO PELE,ORIENTALE,LES NON INSCRITS
13,KATOLU MUNONA MALU ETIENNE,KASAÏ ORIENTALE,LES NON INSCRITS
14,LIKULIA LIFOMA CLAUDIEN,ORIENTALE,LES NON INSCRITS
15,LOGO MUGENYI JEAN-CLAUDE,ORIENTALE,LES NON INSCRITS
16,MAKILA NGAKIBER SWANI PRINCE SYLVESTER,BANDUNDU,LES NON INSCRITS
17,MATADI NENGA GAMANDA,KINSHASA,LES NON INSCRITS
18,MBATA MANGU ANDRE,KASAÏ OCCIDENTAL,LES NON INSCRITS
19,MOPIPI MUKULUMANYA AUGUSTE,SUD-KIVU,LES NON INSCRITS
20,MULAMBA KATOKA DONATIEN,KASAÏ OCCIDENTAL,LES NON INSCRITS
21,ONUSUMBA YEMBA ADOLPHE,KASAÏ ORIENTAL,LES NON INSCRITS
22,PAY PAY WA SIAGASICHE,NORD-KIVU,LES NON INSCRITS
23,SABITI MUHIRE GEORGES,NORD-KIVU,LES NON INSCRITS
24,TSHITOKA NGALAMULUME PASCAL,KASAÏ OCCIDENTAL,LES NON INSCRITS
25,VUNABANDI KANYAMIHIGO CELESTIN,NORD-KIVU,LES NON INSCRITS
