@@,itemlabel,arealabel,item,psid
+++,Alexis Thambwe Mwamba,Maniema,,
+++,Alphonse Ngoyi Kasanji,Kasai Oriental,,
+++,André Kimbuta,Kwango,,
+++,Assumani Amani,Maniema,,
+++,Augustin Matata Ponyo,Maniema,,
+++,Auguy Ilunga,Kasai Oriental,,
+++,Autsai Asenga,Ituri,,
+++,Bahati Lukwebo,Sud-Kivu,,
+++,Bahikita Jams,Tshopo,,
+++,Bakomito Ngabu Jean,Haut-Uele,,
+++,Bakonga Willy,Tshuapa,,
+++,Bale Bila Basile,Nord-Ubangi,,
+++,Batumoko Afozunde Jean-Pierre,Haut-Uele,,
+++,Bolingo Botakile Denise,Mongala,,
+++,Boongo Nkoy Pancrace,Tshuapa,,
+++,Bulasung Fanata Natalie,Kwango,,
+++,Busa Togba Jean Lucien,Sud-Ubangi,,
---,Carole Agito Amela,,Q106323857,Q106323857-ac2cfa3a-48fd-f045-e543-a52f449ecd0a
+++,Christoph Baseane Nangaa Christophe,Haut-Uele,,
+++,Denis Kambayi,Kasaï-Central,,
+++,Didier Mumengi,Kinshasa,,
---,Eddy Mundela,,Q109072260,Q109072260-c77f84a4-4d5e-23ac-e541-be1ab1a84478
+++,Espérance M'baharanyi,Sud-Kivu,,
+++,Fidèle Likinda,Tshuapa,,
+++,Fikilii Alimasi,Tshopo,,
->,Francine Muyumba,Haut-Katanga Province->Haut-Katanga,Q23007983,Q23007983-c4485cd9-2257-4d84-89b3-061925db7481
+++,François Mwamba,Kasai Oriental,,
+++,Françoise Bemba Ndokwa,Sud-Ubangi,,
+++,Gabriel Kazadi Ngoyi,Lomami,,
+++,Gerengo Valentin,Kinshasa,,
+++,Goya Bijou,Haut-Katanga,,
+++,Guy Loando,Tshuapa,,
---,Guy Loando Mboyo,Tshuapa District,Q104600997,Q104600997-34fd62c9-483f-346c-5f11-686a768ec84a
+++,Ida Kamoji,Kasaï-Central,,
+++,Ida Nzumba,Kwilu,,
+++,Idambituo Bakaato,Kinshasa,,
+++,Ilunga Kitombolwe Alain,Haut-Lomami,,
+++,Inioki Sacre,Kwilu,,
+++,Jean philbert Mabaya,Kwilu,,
+++,Jean-Pierre Lola Kisanga,Haut-Uele,,
+++,Jonas Mumbere,Ituri,,
+++,José Endundo,Equateur,,
+++,José Makila Sumanda,Sud-Ubangi,,
+++,Jérôme Bikenge,Maniema,,
+++,Kabamba wa Ilunga Isabelle,Haut-Lomami,,
+++,Kabwe Mwehu longo Isidore,Tanganyika,,
+++,Kamitatu Sona,Kwilu,,
+++,Kanyimbu Shindani Michel,Haut-Katanga,,
+++,Kapya Ntumba,Haut-Lomami,,
+++,Katumwa Mukalay Vicky,Tanganyika,,
+++,Kaumba Lufunfa,Bas-Uele,,
+++,Kazadi Nyembue Dieudonne,Lomami,,
+++,Kpama Baramoto Kata Philippe,Nord-Ubangi,,
+++,Laurent Munzangisa,Bas-Uele,,
+++,Lelo Nzazi Rolly,Kongo-Central,,
+++,Luese Bakwa Moyo,Kasaï,,
+++,Lukamata Nkulu Colette,Kwango,,
+++,Madeleine Mikomba,Tshopo,,
+++,Mangiadi Kifulu Aimé Patiance,Kwango,,
+++,Manzia Andia Dieudonné,Mongala,,
+++,Mbonga magalu engwanda Louis,Mongala,,
+++,Michel Bongongo,Equateur,,
+++,Mike Mosisi,Tshopo,,
+++,Miruho Mugorozi,Sud-Kivu,,
+++,Miyamba Ngove,Kasaï,,
+++,Mobutu Giala Kasa Albert Philippe,Nord-Ubangi,,
+++,Mokolo wa Pombo,Equateur,,
+++,Moleka Liambi Jean de Dieu,Mongala,,
+++,Monalux Monaciebe,Kasaï-Central,,
+++,Muaka Muaka Roger,Kongo-Central,,
+++,Mukalay Kionde Célestine Hortense,Tanganyika,,
+++,Musaas manyong Jean-Claude,Lomami,,
+++,Mutombo Mbwebwe Hyppolyte,Lomami,,
+++,Mwando Katempa,Tanganyika,,
+++,Mwawatadi Boni,Kasaï-Central,,
+++,Mwenda Munongo,Bas-Uele,,
+++,Ngambani Adonis,Kinshasa,,
+++,Ngudianza Bayokisa Kisula Nefertiti,Kongo-Central,,
+++,Nkole Tshimuanga,Kasaï,,
+++,Pamphile Badu wa Badu,Kongo-Central,,
+++,Pande Kapopo,Haut-Katanga,,
+++,Patrick Lubala Birhashirwa,Kinshasa,,
+++,Pierre Lumbi,Sud-Kivu,,
---,Pierre Lumbi Okongo,South Kivu,Q3386032,Q3386032-b10e915d-3766-422b-823f-94329b4ab3d2
+++,Pierrot Uweka,Ituri,,
+++,Rubuye Hakizimwami,Kinshasa,,
+++,Saladia Augustin,Kinshasa,,
+++,Samy Badibanga,Kasai Oriental,,
+++,Sanguma Mossai,Sud-Ubangi,,
+++,Tibasima Atenyi,Ituri,,
+++,Tristan Etumba,Equateur,,
+++,Tshikez Diemo,Bas-Uele,,
+++,Zagbalafio Angala Angala Jean Pierre,Nord-Ubangi,,
+++,Ziaka Angelani,Kinshasa,,
+++,kabuya lumona Sangwa Celestin,Haut-Lomami,,
+++,Évariste Boshab,Kasaï,,
